admission_no,student_name,phone,amount,net_amount_to_be_paid,txn_date,settlement_date,description,txn_status,product,amount_in_rupees,customer_acc_no,merchant_name,merchant_id,client_code,atom_txn_id,merchant_txn_id,bank_ref_no,currency,txn_type,bank_name,recon_status,ifsc_code,merchant_type,discriminator,email,txn_charges,gst_18,sb_cess,krishi_kalyan_cess,total_chargeable,beneficiary_name,imps_status,settlement_type,udfex1,udfex2,udfex3,qr_transaction_type
17113,,,7750,7750.0,2025-10-30 12:28:46,31-Oct-2025 00:00:00,TRANSACTION IS SUCCESSFUL,OK,lVl,seven thousand seven hundred fifty,,SALESIAN EDUCATION SOCIETY,753702,1234,11000313522936,1761807423,530381851010.0,INR,sale,ICICI UPI QR,RS,SIBL0000899,MERCHANT,UPI,,5.0,0.9,0,0,5.9,KOTAK SALESIAN PRIMARY SCHOOL,,REGULAR,18259,265349,2048,
14569,,,11350,11350.0,2025-10-30 21:37:19,,TRANSACTION IS SUCCESSFUL,OK,VlllX,eleven thousand three hundred fifty,,SALESIAN EDUCATION SOCIETY,753702,1234,11000313616706,1761840306,530384821019.0,INR,sale,ICICI UPI QR,RNS,SIBL0000899,MERCHANT,UPI,,5.0,0.9,0,0,5.9,KOTAK SALESIAN SECONDARY SCHOOL ICSE,,REGULAR,19505,264958,2045,
17187,,,6750,6750.0,2025-10-31 08:55:33,01-Nov-2025 00:00:00,TRANSACTION IS SUCCESSFUL,OK,PREKGUKG,six thousand seven hundred fifty,,SALESIAN EDUCATION SOCIETY,753702,1234,11000313645920,1761881105,85549375485.0,INR,sale,ICICI UPI QR,RS,SIBL0000899,MERCHANT,UPI,,5.0,0.9,0,0,5.9,KOTAK SALESIAN SCHOOL MANAGEMENT ACCOUNT,,REGULAR,19901,263336,2039,UPI INTENT
16937,,,8250,8250.0,2025-10-31 16:09:40,01-Nov-2025 00:00:00,TRANSACTION IS SUCCESSFUL,OK,lVl,eight thousand two hundred fifty,,SALESIAN EDUCATION SOCIETY,753702,1234,11000313736540,1761907087,530488773940.0,INR,sale,ICICI UPI QR,RS,SIBL0000899,MERCHANT,UPI,,5.0,0.9,0,0,5.9,KOTAK SALESIAN PRIMARY SCHOOL,,REGULAR,18292,"262716,263784","2037,2040",
17259,,,11250,11250.0,2025-10-31 19:33:22,01-Nov-2025 00:00:00,TRANSACTION IS SUCCESSFUL,OK,Multi,eleven thousand two hundred fifty,,SALESIAN EDUCATION SOCIETY,753702,1234,11000313779340,1761918525,712356161457.0,INR,sale,ICICI UPI QR,RNS,IFSC0000000,MERCHANT,UPI,,5.0,0.9,0,0,5.9,,,REGULAR,19971,"263200,264703","2037,2044",UPI INTENT
17260,,,8850,8850.0,2025-10-31 19:34:18,01-Nov-2025 00:00:00,TRANSACTION IS SUCCESSFUL,OK,lVl,eight thousand eight hundred fifty,,SALESIAN EDUCATION SOCIETY,753702,1234,11000313779393,1761919447,515333448324.0,INR,sale,ICICI UPI QR,RS,SIBL0000899,MERCHANT,UPI,,5.0,0.9,0,0,5.9,KOTAK SALESIAN PRIMARY SCHOOL,,REGULAR,19972,"262662,264219","2037,2042",UPI INTENT
15863,,,8050,8050.0,2025-11-01 08:31:08,03-Nov-2025 00:00:00,TRANSACTION IS SUCCESSFUL,OK,lVl,eight thousand fifty,,SALESIAN EDUCATION SOCIETY,753702,1234,11000313842066,1761966017,530592204041.0,INR,sale,ICICI UPI QR,RS,SIBL0000899,MERCHANT,UPI,,5.0,0.9,0,0,5.9,KOTAK SALESIAN PRIMARY SCHOOL,,REGULAR,18543,261028,2032,
16641,,,8250,8250.0,2025-11-01 18:41:39,03-Nov-2025 00:00:00,TRANSACTION IS SUCCESSFUL,OK,lVl,eight thousand two hundred fifty,,SALESIAN EDUCATION SOCIETY,753702,1234,11000313935521,1762002237,530595643689.0,INR,sale,ICICI UPI QR,RS,SIBL0000899,MERCHANT,UPI,,5.0,0.9,0,0,5.9,KOTAK SALESIAN PRIMARY SCHOOL,,REGULAR,18181,"262111,263519","2037,2040",
16262,,,8550,8550.0,2025-11-01 18:44:10,03-Nov-2025 00:00:00,TRANSACTION IS SUCCESSFUL,OK,lVl,eight thousand five hundred fifty,,SALESIAN EDUCATION SOCIETY,753702,1234,11000313935621,1762002807,530595660270.0,INR,sale,ICICI UPI QR,RS,SIBL0000899,MERCHANT,UPI,,5.0,0.9,0,0,5.9,KOTAK SALESIAN PRIMARY SCHOOL,,REGULAR,18444,"262243,263840","2037,2041",
16981,,,8250,8250.0,2025-11-01 19:07:23,03-Nov-2025 00:00:00,TRANSACTION IS SUCCESSFUL,OK,lVl,eight thousand two hundred fifty,,SALESIAN EDUCATION SOCIETY,753702,1234,11000313938477,1762004142,530595804803.0,INR,sale,ICICI UPI QR,RS,SIBL0000899,MERCHANT,UPI,,5.0,0.9,0,0,5.9,KOTAK SALESIAN PRIMARY SCHOOL,,REGULAR,18142,"262680,263610","2037,2040",
17283,,,6750,6750.0,2025-11-01 19:42:41,03-Nov-2025 00:00:00,TRANSACTION IS SUCCESSFUL,OK,PREKGUKG,six thousand seven hundred fifty,,SALESIAN EDUCATION SOCIETY,753702,1234,11000313943507,1762006130,113502707585.0,INR,sale,ICICI UPI QR,RS,SIBL0000899,MERCHANT,UPI,,5.0,0.9,0,0,5.9,KOTAK SALESIAN SCHOOL MANAGEMENT ACCOUNT,,REGULAR,19994,263376,2039,UPI INTENT
15544,,,8850,8850.0,2025-11-02 06:36:19,03-Nov-2025 00:00:00,TRANSACTION IS SUCCESSFUL,OK,lVl,eight thousand eight hundred fifty,,SALESIAN EDUCATION SOCIETY,753702,1234,11000313995786,1762045566,785956568564.0,INR,sale,ICICI UPI QR,RS,SIBL0000899,MERCHANT,UPI,,5.0,0.9,0,0,5.9,KOTAK SALESIAN PRIMARY SCHOOL,,REGULAR,18968,"262798,264301","2037,2042",UPI INTENT
16710,,,8250,8250.0,2025-11-02 06:29:05,03-Nov-2025 00:00:00,TRANSACTION IS SUCCESSFUL,OK,lVl,eight thousand two hundred fifty,,SALESIAN EDUCATION SOCIETY,753702,1234,11000313996665,1762045034,918689336704.0,INR,sale,ICICI UPI QR,RS,SIBL0000899,MERCHANT,UPI,,5.0,0.9,0,0,5.9,KOTAK SALESIAN PRIMARY SCHOOL,,REGULAR,18184,"262011,263504","2037,2040",UPI INTENT
17175,,,6750,6750.0,2025-11-02 13:55:05,03-Nov-2025 00:00:00,TRANSACTION IS SUCCESSFUL,OK,PREKGUKG,six thousand seven hundred fifty,,SALESIAN EDUCATION SOCIETY,753702,1234,11000314043670,1762071875,530699877652.0,INR,sale,ICICI UPI QR,RS,SIBL0000899,MERCHANT,UPI,,5.0,0.9,0,0,5.9,KOTAK SALESIAN SCHOOL MANAGEMENT ACCOUNT,,REGULAR,19890,264989,2047,
16686,,,8050,8050.0,2025-11-02 13:51:20,03-Nov-2025 00:00:00,TRANSACTION IS SUCCESSFUL,OK,lVl,eight thousand fifty,,SALESIAN EDUCATION SOCIETY,753702,1234,11000314044028,1762071557,530699856490.0,INR,sale,ICICI UPI QR,RS,SIBL0000899,MERCHANT,UPI,,5.0,0.9,0,0,5.9,KOTAK SALESIAN PRIMARY SCHOOL,,REGULAR,18393,265461,2049,
17105,,,6750,6750.0,2025-11-03 09:40:54,04-Nov-2025 00:00:00,TRANSACTION IS SUCCESSFUL,OK,PREKGUKG,six thousand seven hundred fifty,,SALESIAN EDUCATION SOCIETY,753702,1234,11000314169121,1762143020,195817510674.0,INR,sale,ICICI UPI QR,RS,SIBL0000899,MERCHANT,UPI,,5.0,0.9,0,0,5.9,KOTAK SALESIAN SCHOOL MANAGEMENT ACCOUNT,,REGULAR,18096,265123,2047,UPI INTENT
15539,,,8350,8350.0,2025-11-03 10:43:59,04-Nov-2025 00:00:00,TRANSACTION IS SUCCESSFUL,OK,lVl,eight thousand three hundred fifty,,SALESIAN EDUCATION SOCIETY,753702,1234,11000314184250,1762146594,14573152974.0,INR,sale,ICICI UPI QR,RS,SIBL0000899,MERCHANT,UPI,,5.0,0.9,0,0,5.9,KOTAK SALESIAN PRIMARY SCHOOL,,REGULAR,18875,265913,2050,UPI INTENT
17264,,,7750,7750.0,2025-11-03 11:19:22,04-Nov-2025 00:00:00,TRANSACTION IS SUCCESSFUL,OK,lVl,seven thousand seven hundred fifty,,SALESIAN EDUCATION SOCIETY,753702,1234,11000314192800,1762148759,530704742117.0,INR,sale,ICICI UPI QR,RS,SIBL0000899,MERCHANT,UPI,,5.0,0.9,0,0,5.9,KOTAK SALESIAN PRIMARY SCHOOL,,REGULAR,19975,260649,2031,
17264,,,500,500.0,2025-11-03 11:22:01,04-Nov-2025 00:00:00,TRANSACTION IS SUCCESSFUL,OK,lVl,five hundred,,SALESIAN EDUCATION SOCIETY,753702,1234,11000314194327,1762149006,530704756640.0,INR,sale,ICICI UPI QR,RS,SIBL0000899,MERCHANT,UPI,,5.0,0.9,0,0,5.9,KOTAK SALESIAN PRIMARY SCHOOL,,REGULAR,19975,262720,2037,
17210,,,6750,6750.0,2025-11-04 05:47:38,06-Nov-2025 00:00:00,TRANSACTION IS SUCCESSFUL,OK,PREKGUKG,six thousand seven hundred fifty,,SALESIAN EDUCATION SOCIETY,753702,1234,11000314371032,1762215410,530809027996.0,INR,sale,ICICI UPI QR,RS,SIBL0000899,MERCHANT,UPI,,5.0,0.9,0,0,5.9,KOTAK SALESIAN SCHOOL MANAGEMENT ACCOUNT,,REGULAR,19924,265130,2047,
14546,,,11850,11850.0,2025-11-04 10:01:06,06-Nov-2025 00:00:00,TRANSACTION IS SUCCESSFUL,OK,Multi,eleven thousand eight hundred fifty,,SALESIAN EDUCATION SOCIETY,753702,1234,11000314404943,1762230465,530810055673.0,INR,sale,ICICI UPI QR,RNS,IFSC0000000,MERCHANT,UPI,,5.0,0.9,0,0,5.9,,,REGULAR,19383,"263244,264747","2037,2045",
16868,,,8550,8550.0,2025-11-04 12:11:55,06-Nov-2025 00:00:00,TRANSACTION IS SUCCESSFUL,OK,lVl,eight thousand five hundred fifty,,SALESIAN EDUCATION SOCIETY,753702,1234,11000314457730,1762238461,530810708858.0,INR,sale,ICICI UPI QR,RS,SIBL0000899,MERCHANT,UPI,,5.0,0.9,0,0,5.9,KOTAK SALESIAN PRIMARY SCHOOL,,REGULAR,18488,"262203,263832","2037,2041",
16895,,,9150,9150.0,2025-11-04 12:09:35,06-Nov-2025 00:00:00,TRANSACTION IS SUCCESSFUL,OK,Multi,nine thousand one hundred fifty,,SALESIAN EDUCATION SOCIETY,753702,1234,11000314458205,1762238268,530810696020.0,INR,sale,ICICI UPI QR,RNS,IFSC0000000,MERCHANT,UPI,,5.0,0.9,0,0,5.9,,,REGULAR,19141,"263014,264517","2037,2043",
17264,,,7750,7750.0,2025-11-04 14:59:32,06-Nov-2025 00:00:00,TRANSACTION IS SUCCESSFUL,OK,lVl,seven thousand seven hundred fifty,,SALESIAN EDUCATION SOCIETY,753702,1234,11000314506510,1762248487,530811667162.0,INR,sale,ICICI UPI QR,RS,SIBL0000899,MERCHANT,UPI,,5.0,0.9,0,0,5.9,KOTAK SALESIAN PRIMARY SCHOOL,,REGULAR,19975,263624,2040,
17188,,,8250,8250.0,2025-11-04 23:11:27,06-Nov-2025 00:00:00,TRANSACTION IS SUCCESSFUL,OK,lVl,eight thousand two hundred fifty,,SALESIAN EDUCATION SOCIETY,753702,1234,11000314605606,1762278029,530814184976.0,INR,sale,ICICI UPI QR,RS,SIBL0000899,MERCHANT,UPI,,5.0,0.9,0,0,5.9,KOTAK SALESIAN PRIMARY SCHOOL,,REGULAR,19902,"262289,263690","2037,2040",
16885,,,16000,16000.0,2025-11-05 07:54:02,06-Nov-2025 00:00:00,TRANSACTION IS SUCCESSFUL,OK,lVl,sixteen thousand ,,SALESIAN EDUCATION SOCIETY,753702,1234,11000314620667,1762309313,530915626358.0,INR,sale,ICICI UPI QR,RS,SIBL0000899,MERCHANT,UPI,,5.0,0.9,0,0,5.9,KOTAK SALESIAN PRIMARY SCHOOL,,REGULAR,18185,"262047,263508,265158","2037,2040,2048",
16974,,,8250,8250.0,2025-11-06 09:44:46,07-Nov-2025 00:00:00,TRANSACTION IS SUCCESSFUL,OK,lVl,eight thousand two hundred fifty,,SALESIAN EDUCATION SOCIETY,753702,1234,11000314846264,1762401796,531022524983.0,INR,sale,ICICI UPI QR,RS,SIBL0000899,MERCHANT,UPI,,5.0,0.9,0,0,5.9,KOTAK SALESIAN PRIMARY SCHOOL,,REGULAR,18273,"262526,263740","2037,2040",
17229,,,8350,8350.0,2025-11-06 11:59:04,07-Nov-2025 00:00:00,TRANSACTION IS SUCCESSFUL,OK,lVl,eight thousand three hundred fifty,,SALESIAN EDUCATION SOCIETY,753702,1234,11000314879817,1762410501,171952398500.0,INR,sale,ICICI UPI QR,RS,SIBL0000899,MERCHANT,UPI,,5.0,0.9,0,0,5.9,KOTAK SALESIAN PRIMARY SCHOOL,,REGULAR,19941,265891,2050,UPI INTENT
17163,,,6750,6750.0,2025-11-06 18:52:13,07-Nov-2025 00:00:00,TRANSACTION IS SUCCESSFUL,OK,PREKGUKG,six thousand seven hundred fifty,,SALESIAN EDUCATION SOCIETY,753702,1234,11000314978042,1762435169,531025519957.0,INR,sale,ICICI UPI QR,RS,SIBL0000899,MERCHANT,UPI,,5.0,0.9,0,0,5.9,KOTAK SALESIAN SCHOOL MANAGEMENT ACCOUNT,,REGULAR,19878,263393,2039,
17278,,,6750,6750.0,2025-11-07 11:25:40,10-Nov-2025 00:00:00,TRANSACTION IS SUCCESSFUL,OK,PREKGUKG,six thousand seven hundred fifty,,SALESIAN EDUCATION SOCIETY,753702,1234,11000315150336,1762494891,531128921024.0,INR,sale,ICICI UPI QR,RS,SIBL0000899,MERCHANT,UPI,,5.0,0.9,0,0,5.9,KOTAK SALESIAN SCHOOL MANAGEMENT ACCOUNT,,REGULAR,19989,265141,2047,
16104,,,8350,8350.0,2025-11-10 09:27:15,11-Nov-2025 00:00:00,TRANSACTION IS SUCCESSFUL,OK,lVl,eight thousand three hundred fifty,,SALESIAN EDUCATION SOCIETY,753702,1234,11000315754150,1762746971,531445403467.0,INR,sale,ICICI UPI QR,RS,SIBL0000899,MERCHANT,UPI,,5.0,0.9,0,0,5.9,KOTAK SALESIAN PRIMARY SCHOOL,,REGULAR,18807,265833,2050,
16052,,,10750,10750.0,2025-11-10 21:17:01,,TRANSACTION IS SUCCESSFUL,OK,VlllX,ten thousand seven hundred fifty,,SALESIAN EDUCATION SOCIETY,753702,1234,11000316033651,1762789270,531449495645.0,INR,sale,ICICI UPI QR,RNS,SIBL0000899,MERCHANT,UPI,,5.0,0.9,0,0,5.9,KOTAK SALESIAN SECONDARY SCHOOL ICSE,,REGULAR,19325,266322,2052,
17315,,,6750,6750.0,2025-11-11 05:53:50,12-Nov-2025 00:00:00,TRANSACTION IS SUCCESSFUL,OK,PREKGUKG,six thousand seven hundred fifty,,SALESIAN EDUCATION SOCIETY,753702,1234,11000316067938,1762821403,30020732085.0,INR,sale,ICICI UPI QR,RS,SIBL0000899,MERCHANT,UPI,,5.0,0.9,0,0,5.9,KOTAK SALESIAN SCHOOL MANAGEMENT ACCOUNT,,REGULAR,20023,265150,2047,UPI INTENT
16733,,,8350,8350.0,2025-11-11 10:09:11,12-Nov-2025 00:00:00,TRANSACTION IS SUCCESSFUL,OK,lVl,eight thousand three hundred fifty,,SALESIAN EDUCATION SOCIETY,753702,1234,11000316099462,1762835725,108551696284.0,INR,sale,ICICI UPI QR,RS,SIBL0000899,MERCHANT,UPI,,5.0,0.9,0,0,5.9,KOTAK SALESIAN PRIMARY SCHOOL,,REGULAR,18753,265774,2050,
16734,,,11350,11350.0,2025-11-11 10:10:40,,TRANSACTION IS SUCCESSFUL,OK,VlllX,eleven thousand three hundred fifty,,SALESIAN EDUCATION SOCIETY,753702,1234,11000316100223,1762836014,108551703754.0,INR,sale,ICICI UPI QR,RNS,SIBL0000899,MERCHANT,UPI,,5.0,0.9,0,0,5.9,KOTAK SALESIAN SECONDARY SCHOOL ICSE,,REGULAR,19425,266398,2053,
16927,,,7750,7750.0,2025-11-11 16:21:56,12-Nov-2025 00:00:00,TRANSACTION IS SUCCESSFUL,OK,lVl,seven thousand seven hundred fifty,,SALESIAN EDUCATION SOCIETY,753702,1234,11000316191666,1762858305,783823510579.0,INR,sale,ICICI UPI QR,RS,SIBL0000899,MERCHANT,UPI,,5.0,0.9,0,0,5.9,KOTAK SALESIAN PRIMARY SCHOOL,,REGULAR,18339,265347,2048,UPI INTENT
17177,,,6750,6750.0,2025-11-11 16:21:09,12-Nov-2025 00:00:00,TRANSACTION IS SUCCESSFUL,OK,PREKGUKG,six thousand seven hundred fifty,,SALESIAN EDUCATION SOCIETY,753702,1234,11000316192344,1762858254,704447957133.0,INR,sale,ICICI UPI QR,RS,SIBL0000899,MERCHANT,UPI,,5.0,0.9,0,0,5.9,KOTAK SALESIAN SCHOOL MANAGEMENT ACCOUNT,,REGULAR,19892,265011,2047,UPI INTENT
17337,,,6750,6750.0,2025-11-12 09:11:42,13-Nov-2025 00:00:00,TRANSACTION IS SUCCESSFUL,OK,PREKGUKG,six thousand seven hundred fifty,,SALESIAN EDUCATION SOCIETY,753702,1234,11000316275259,1762918783,108557239779.0,INR,sale,ICICI UPI QR,RS,SIBL0000899,MERCHANT,UPI,,5.0,0.9,0,0,5.9,KOTAK SALESIAN SCHOOL MANAGEMENT ACCOUNT,,REGULAR,20052,263452,2039,
16211,,,8350,8350.0,2025-11-12 10:32:49,13-Nov-2025 00:00:00,TRANSACTION IS SUCCESSFUL,OK,lVl,eight thousand three hundred fifty,,SALESIAN EDUCATION SOCIETY,753702,1234,11000316293921,1762923744,214127184653.0,INR,sale,ICICI UPI QR,RS,SIBL0000899,MERCHANT,UPI,,5.0,0.9,0,0,5.9,KOTAK SALESIAN PRIMARY SCHOOL,,REGULAR,18814,265854,2050,UPI INTENT
16648,,,7750,7750.0,2025-11-13 08:16:51,14-Nov-2025 00:00:00,TRANSACTION IS SUCCESSFUL,OK,lVl,seven thousand seven hundred fifty,,SALESIAN EDUCATION SOCIETY,753702,1234,11000316431279,1763001959,108562669809.0,INR,sale,ICICI UPI QR,RS,SIBL0000899,MERCHANT,UPI,,5.0,0.9,0,0,5.9,KOTAK SALESIAN PRIMARY SCHOOL,,REGULAR,18172,265254,2048,
17187,,,6750,6750.0,2025-11-13 17:32:13,14-Nov-2025 00:00:00,TRANSACTION IS SUCCESSFUL,OK,PREKGUKG,six thousand seven hundred fifty,,SALESIAN EDUCATION SOCIETY,753702,1234,11000316535819,1763035319,173230421882.0,INR,sale,ICICI UPI QR,RS,SIBL0000899,MERCHANT,UPI,,5.0,0.9,0,0,5.9,KOTAK SALESIAN SCHOOL MANAGEMENT ACCOUNT,,REGULAR,19901,264986,2047,UPI INTENT
15599,,,11250,11250.0,2025-11-13 20:24:29,14-Nov-2025 00:00:00,TRANSACTION IS SUCCESSFUL,OK,Multi,eleven thousand two hundred fifty,,SALESIAN EDUCATION SOCIETY,753702,1234,11000316561861,1763044851,108566739973.0,INR,sale,ICICI UPI QR,RNS,IFSC0000000,MERCHANT,UPI,,5.0,0.9,0,0,5.9,,,REGULAR,19295,"263081,264584","2037,2044",
16595,,,8550,8550.0,2025-11-14 20:15:44,15-Nov-2025 00:00:00,TRANSACTION IS SUCCESSFUL,OK,lVl,eight thousand five hundred fifty,,SALESIAN EDUCATION SOCIETY,753702,1234,11000316697401,1763131313,108572296490.0,INR,sale,ICICI UPI QR,RS,SIBL0000899,MERCHANT,UPI,,5.0,0.9,0,0,5.9,KOTAK SALESIAN PRIMARY SCHOOL,,REGULAR,18669,"262480,264030","2037,2041",
16036,,,8850,8850.0,2025-11-14 20:40:21,15-Nov-2025 00:00:00,TRANSACTION IS SUCCESSFUL,OK,lVl,eight thousand eight hundred fifty,,SALESIAN EDUCATION SOCIETY,753702,1234,11000316700245,1763132856,108572419761.0,INR,sale,ICICI UPI QR,RS,SIBL0000899,MERCHANT,UPI,,5.0,0.9,0,0,5.9,KOTAK SALESIAN PRIMARY SCHOOL,,REGULAR,18964,"262817,264320","2037,2042",
16036,,,8350,8350.0,2025-11-14 20:43:12,15-Nov-2025 00:00:00,TRANSACTION IS SUCCESSFUL,OK,lVl,eight thousand three hundred fifty,,SALESIAN EDUCATION SOCIETY,753702,1234,11000316701281,1763133080,108572433794.0,INR,sale,ICICI UPI QR,RS,SIBL0000899,MERCHANT,UPI,,5.0,0.9,0,0,5.9,KOTAK SALESIAN PRIMARY SCHOOL,,REGULAR,18964,265970,2050,
15541,,,8850,8850.0,2025-11-15 08:00:27,17-Nov-2025 00:00:00,TRANSACTION IS SUCCESSFUL,OK,lVl,eight thousand eight hundred fifty,,SALESIAN EDUCATION SOCIETY,753702,1234,11000316726912,1763173641,108573859508.0,INR,sale,ICICI UPI QR,RS,SIBL0000899,MERCHANT,UPI,,5.0,0.9,0,0,5.9,KOTAK SALESIAN PRIMARY SCHOOL,,REGULAR,18766,"262401,264163","2037,2042",
16020,,,8550,8550.0,2025-11-15 10:35:50,17-Nov-2025 00:00:00,TRANSACTION IS SUCCESSFUL,OK,lVl,eight thousand five hundred fifty,,SALESIAN EDUCATION SOCIETY,753702,1234,11000316759740,1763183095,108574613225.0,INR,sale,ICICI UPI QR,RS,SIBL0000899,MERCHANT,UPI,,5.0,0.9,0,0,5.9,KOTAK SALESIAN PRIMARY SCHOOL,,REGULAR,18522,"262132,263952","2037,2041",
16795,,,8050,8050.0,2025-11-15 14:02:46,17-Nov-2025 00:00:00,TRANSACTION IS SUCCESSFUL,OK,lVl,eight thousand fifty,,SALESIAN EDUCATION SOCIETY,753702,1234,11000316792543,1763195595,689600444274.0,INR,sale,ICICI UPI QR,RS,SIBL0000899,MERCHANT,UPI,,5.0,0.9,0,0,5.9,KOTAK SALESIAN PRIMARY SCHOOL,,REGULAR,18523,265622,2049,UPI INTENT
17178,,,7750,7750.0,2025-11-15 14:21:46,17-Nov-2025 00:00:00,TRANSACTION IS SUCCESSFUL,OK,lVl,seven thousand seven hundred fifty,,SALESIAN EDUCATION SOCIETY,753702,1234,11000316794728,1763196672,108575833074.0,INR,sale,ICICI UPI QR,RS,SIBL0000899,MERCHANT,UPI,,5.0,0.9,0,0,5.9,KOTAK SALESIAN PRIMARY SCHOOL,,REGULAR,19893,265185,2048,
15915,,,8850,8850.0,2025-11-15 19:52:03,17-Nov-2025 00:00:00,TRANSACTION IS SUCCESSFUL,OK,lVl,eight thousand eight hundred fifty,,SALESIAN EDUCATION SOCIETY,753702,1234,11000316837646,1763216495,108577731862.0,INR,sale,ICICI UPI QR,RS,SIBL0000899,MERCHANT,UPI,,5.0,0.9,0,0,5.9,KOTAK SALESIAN PRIMARY SCHOOL,,REGULAR,18704,"262588,264203","2037,2042",
17069,,,8850,8850.0,2025-11-17 15:34:07,18-Nov-2025 00:00:00,TRANSACTION IS SUCCESSFUL,OK,lVl,eight thousand eight hundred fifty,,SALESIAN EDUCATION SOCIETY,753702,1234,11000317106839,1763373817,253874637302.0,INR,sale,ICICI UPI QR,RS,SIBL0000899,MERCHANT,UPI,,5.0,0.9,0,0,5.9,KOTAK SALESIAN PRIMARY SCHOOL,,REGULAR,18960,"262774,264277","2037,2042",UPI INTENT
14546,,,11350,11350.0,2025-11-18 10:28:43,,TRANSACTION IS SUCCESSFUL,OK,VlllX,eleven thousand three hundred fifty,,SALESIAN EDUCATION SOCIETY,753702,1234,11000317244031,1763441830,108591365446.0,INR,sale,ICICI UPI QR,RNS,SIBL0000899,MERCHANT,UPI,,5.0,0.9,0,0,5.9,KOTAK SALESIAN SECONDARY SCHOOL ICSE,,REGULAR,19383,266397,2053,
17371,,,16700,16700.0,2025-11-18 11:39:14,19-Nov-2025 00:00:00,TRANSACTION IS SUCCESSFUL,OK,lVl,sixteen thousand seven hundred,,SALESIAN EDUCATION SOCIETY,753702,1234,11000317263208,1763446046,108591734203.0,INR,sale,ICICI UPI QR,RS,SIBL0000899,MERCHANT,UPI,,5.0,0.9,0,0,5.9,KOTAK SALESIAN PRIMARY SCHOOL,,REGULAR,20090,"268489,268490","2050,2058",
15938,,,8350,8350.0,2025-11-18 16:41:50,19-Nov-2025 00:00:00,TRANSACTION IS SUCCESSFUL,OK,lVl,eight thousand three hundred fifty,,SALESIAN EDUCATION SOCIETY,753702,1234,11000317317733,1763464253,108593680409.0,INR,sale,ICICI UPI QR,RS,SIBL0000899,MERCHANT,UPI,,5.0,0.9,0,0,5.9,KOTAK SALESIAN PRIMARY SCHOOL,,REGULAR,18863,265936,2050,
16507,,,8250,8250.0,2025-11-19 09:11:28,20-Nov-2025 00:00:00,TRANSACTION IS SUCCESSFUL,OK,lVl,eight thousand two hundred fifty,,SALESIAN EDUCATION SOCIETY,753702,1234,11000317376987,1763523653,704101659740.0,INR,sale,ICICI UPI QR,RS,SIBL0000899,MERCHANT,UPI,,5.0,0.9,0,0,5.9,KOTAK SALESIAN PRIMARY SCHOOL,,REGULAR,18352,"262241,263682","2037,2040",UPI INTENT
16754,,,8250,8250.0,2025-11-19 13:15:22,20-Nov-2025 00:00:00,TRANSACTION IS SUCCESSFUL,OK,lVl,eight thousand two hundred fifty,,SALESIAN EDUCATION SOCIETY,753702,1234,11000317420497,1763538218,532374231246.0,INR,sale,ICICI UPI QR,RS,SIBL0000899,MERCHANT,UPI,,5.0,0.9,0,0,5.9,KOTAK SALESIAN PRIMARY SCHOOL,,REGULAR,18267,"262050,263641","2037,2040",UPI INTENT
17305,,,6750,6750.0,2025-11-19 15:31:01,20-Nov-2025 00:00:00,TRANSACTION IS SUCCESSFUL,OK,PREKGUKG,six thousand seven hundred fifty,,SALESIAN EDUCATION SOCIETY,753702,1234,11000317441689,1763546306,108599052932.0,INR,sale,ICICI UPI QR,RS,SIBL0000899,MERCHANT,UPI,,5.0,0.9,0,0,5.9,KOTAK SALESIAN SCHOOL MANAGEMENT ACCOUNT,,REGULAR,20014,263375,2039,
15855,,,8550,8550.0,2025-11-19 16:38:21,20-Nov-2025 00:00:00,TRANSACTION IS SUCCESSFUL,OK,lVl,eight thousand five hundred fifty,,SALESIAN EDUCATION SOCIETY,753702,1234,11000317451362,1763550487,355970292562.0,INR,sale,ICICI UPI QR,RS,SIBL0000899,MERCHANT,UPI,,5.0,0.9,0,0,5.9,KOTAK SALESIAN PRIMARY SCHOOL,,REGULAR,18628,"262471,264025","2037,2041",UPI INTENT
15595,,,9150,9150.0,2025-11-19 18:16:25,20-Nov-2025 00:00:00,SUCCESS,OK,Multi,nine thousand one hundred fifty,,SALESIAN EDUCATION SOCIETY,753702,1234,11000317463739,1763555959,1.01202532371806e+17,INR,sale,BANK OF BARODA FSS,RNS,IFSC0000000,MERCHANT,DC,,5.0,0.9,0,0,5.9,,,REGULAR,19130,"262998,264501","2037,2043",
17197,,,6750,6750.0,2025-11-19 21:01:26,20-Nov-2025 00:00:00,TRANSACTION IS SUCCESSFUL,OK,PREKGUKG,six thousand seven hundred fifty,,SALESIAN EDUCATION SOCIETY,753702,1234,11000317484251,1763566147,108601056706.0,INR,sale,ICICI UPI QR,RS,SIBL0000899,MERCHANT,UPI,,5.0,0.9,0,0,5.9,KOTAK SALESIAN SCHOOL MANAGEMENT ACCOUNT,,REGULAR,19911,265070,2047,
17290,,,8050,8050.0,2025-11-20 08:47:32,21-Nov-2025 00:00:00,TRANSACTION IS SUCCESSFUL,OK,lVl,eight thousand fifty,,SALESIAN EDUCATION SOCIETY,753702,1234,11000317511572,1763608577,472308202173.0,INR,sale,ICICI UPI QR,RS,SIBL0000899,MERCHANT,UPI,,5.0,0.9,0,0,5.9,KOTAK SALESIAN PRIMARY SCHOOL,,REGULAR,20000,265468,2049,UPI INTENT
17289,,,7750,7750.0,2025-11-20 08:49:38,21-Nov-2025 00:00:00,TRANSACTION IS SUCCESSFUL,OK,lVl,seven thousand seven hundred fifty,,SALESIAN EDUCATION SOCIETY,753702,1234,11000317511641,1763608739,962022877628.0,INR,sale,ICICI UPI QR,RS,SIBL0000899,MERCHANT,UPI,,5.0,0.9,0,0,5.9,KOTAK SALESIAN PRIMARY SCHOOL,,REGULAR,19999,265256,2048,UPI INTENT
15945,,,8850,8850.0,2025-11-20 11:46:10,21-Nov-2025 00:00:00,TRANSACTION IS SUCCESSFUL,OK,lVl,eight thousand eight hundred fifty,,SALESIAN EDUCATION SOCIETY,753702,1234,11000317537894,1763619330,881654640858.0,INR,sale,ICICI UPI QR,RS,SIBL0000899,MERCHANT,UPI,,5.0,0.9,0,0,5.9,KOTAK SALESIAN PRIMARY SCHOOL,,REGULAR,18833,"262775,264278","2037,2042",UPI INTENT
17277,,,6750,6750.0,2025-11-20 13:47:57,21-Nov-2025 00:00:00,TRANSACTION IS SUCCESSFUL,OK,PREKGUKG,six thousand seven hundred fifty,,SALESIAN EDUCATION SOCIETY,753702,1234,11000317559740,1763626601,108604250147.0,INR,sale,ICICI UPI QR,RS,SIBL0000899,MERCHANT,UPI,,5.0,0.9,0,0,5.9,KOTAK SALESIAN SCHOOL MANAGEMENT ACCOUNT,,REGULAR,19988,263475,2039,
14888,,,11250,11250.0,2025-11-20 14:40:36,21-Nov-2025 00:00:00,TRANSACTION IS SUCCESSFUL,OK,Multi,eleven thousand two hundred fifty,,SALESIAN EDUCATION SOCIETY,753702,1234,11000317567806,1763629785,108604632984.0,INR,sale,ICICI UPI QR,RNS,IFSC0000000,MERCHANT,UPI,,5.0,0.9,0,0,5.9,,,REGULAR,19200,"263115,264618","2037,2044",
16983,,,8550,8550.0,2025-11-20 17:01:38,21-Nov-2025 00:00:00,TRANSACTION IS SUCCESSFUL,OK,lVl,eight thousand five hundred fifty,,SALESIAN EDUCATION SOCIETY,753702,1234,11000317588170,1763636615,108605493967.0,INR,sale,ICICI UPI QR,RS,SIBL0000899,MERCHANT,UPI,,5.0,0.9,0,0,5.9,KOTAK SALESIAN PRIMARY SCHOOL,,REGULAR,18526,"262171,263959","2037,2041",
16580,,,8850,8850.0,2025-11-20 17:12:41,21-Nov-2025 00:00:00,TRANSACTION IS SUCCESSFUL,OK,lVl,eight thousand eight hundred fifty,,SALESIAN EDUCATION SOCIETY,753702,1234,11000317589448,1763638742,108605556686.0,INR,sale,ICICI UPI QR,RS,SIBL0000899,MERCHANT,UPI,,5.0,0.9,0,0,5.9,KOTAK SALESIAN PRIMARY SCHOOL,,REGULAR,18889,"262808,264311","2037,2042",
15795,,,500,500.0,2025-11-20 20:01:56,21-Nov-2025 00:00:00,TRANSACTION IS SUCCESSFUL,OK,lVl,five hundred,,SALESIAN EDUCATION SOCIETY,753702,1234,11000317606868,1763649005,185561913245.0,INR,sale,ICICI UPI QR,RS,SIBL0000899,MERCHANT,UPI,,5.0,0.9,0,0,5.9,KOTAK SALESIAN PRIMARY SCHOOL,,REGULAR,19105,262986,2037,UPI INTENT
16617,,,8050,8050.0,2025-11-20 20:59:36,21-Nov-2025 00:00:00,TRANSACTION IS SUCCESSFUL,OK,lVl,eight thousand fifty,,SALESIAN EDUCATION SOCIETY,753702,1234,11000317615031,1763652458,108606865688.0,INR,sale,ICICI UPI QR,RS,SIBL0000899,MERCHANT,UPI,,5.0,0.9,0,0,5.9,KOTAK SALESIAN PRIMARY SCHOOL,,REGULAR,18610,265580,2049,
17149,,,9150,9150.0,2025-11-20 21:49:09,21-Nov-2025 00:00:00,TRANSACTION IS SUCCESSFUL,OK,Multi,nine thousand one hundred fifty,,SALESIAN EDUCATION SOCIETY,753702,1234,11000317619325,1763655441,108607082636.0,INR,sale,ICICI UPI QR,RNS,IFSC0000000,MERCHANT,UPI,,5.0,0.9,0,0,5.9,,,REGULAR,19852,"262887,264390","2037,2043",
16492,,,8550,8550.0,2025-11-21 07:11:30,24-Nov-2025 00:00:00,TRANSACTION IS SUCCESSFUL,OK,lVl,eight thousand five hundred fifty,,SALESIAN EDUCATION SOCIETY,753702,1234,11000317632962,1763689095,108608167999.0,INR,sale,ICICI UPI QR,RS,SIBL0000899,MERCHANT,UPI,,5.0,0.9,0,0,5.9,KOTAK SALESIAN PRIMARY SCHOOL,,REGULAR,18659,"262404,264014","2037,2041",UPI INTENT
15898,,,17800,17800.0,2025-11-21 09:13:00,24-Nov-2025 00:00:00,TRANSACTION IS SUCCESSFUL,OK,Multi,seventeen thousand eight hundred,,SALESIAN EDUCATION SOCIETY,753702,1234,11000317644277,1763696190,122941457741.0,INR,sale,ICICI UPI QR,RNS,IFSC0000000,MERCHANT,UPI,,5.0,0.9,0,0,5.9,,,REGULAR,19009,"262983,264486,266136","2037,2043,2051",UPI INTENT
15538,,,8850,8850.0,2025-11-21 10:45:33,24-Nov-2025 00:00:00,TRANSACTION IS SUCCESSFUL,OK,lVl,eight thousand eight hundred fifty,,SALESIAN EDUCATION SOCIETY,753702,1234,11000317657466,1763702116,404578383859.0,INR,sale,ICICI UPI QR,RS,SIBL0000899,MERCHANT,UPI,,5.0,0.9,0,0,5.9,KOTAK SALESIAN PRIMARY SCHOOL,,REGULAR,18918,"262741,264244","2037,2042",UPI INTENT
14873,,,11250,11250.0,2025-11-21 10:46:49,24-Nov-2025 00:00:00,TRANSACTION IS SUCCESSFUL,OK,Multi,eleven thousand two hundred fifty,,SALESIAN EDUCATION SOCIETY,753702,1234,11000317657543,1763702195,79146114128.0,INR,sale,ICICI UPI QR,RNS,IFSC0000000,MERCHANT,UPI,,5.0,0.9,0,0,5.9,,,REGULAR,19244,"263048,264551","2037,2044",UPI INTENT
15096,,,11350,11350.0,2025-11-21 14:41:57,,SUCCESS,OK,VlllX,eleven thousand three hundred fifty,,SALESIAN EDUCATION SOCIETY,753702,1234,11000317695213,1763715904,1.012025325918391e+17,INR,sale,BANK OF BARODA FSS,RNS,SIBL0000899,MERCHANT,DC,,5.0,0.9,0,0,5.9,KOTAK SALESIAN SECONDARY SCHOOL ICSE,,REGULAR,19483,264879,2045,
16992,,,7750,7750.0,2025-11-21 17:59:17,24-Nov-2025 00:00:00,TRANSACTION IS SUCCESSFUL,OK,lVl,seven thousand seven hundred fifty,,SALESIAN EDUCATION SOCIETY,753702,1234,11000317719673,1763728005,108611639217.0,INR,sale,ICICI UPI QR,RS,SIBL0000899,MERCHANT,UPI,,5.0,0.9,0,0,5.9,KOTAK SALESIAN PRIMARY SCHOOL,,REGULAR,18360,265368,2048,
16353,,,8550,8550.0,2025-11-22 07:12:07,24-Nov-2025 00:00:00,TRANSACTION IS SUCCESSFUL,OK,lVl,eight thousand five hundred fifty,,SALESIAN EDUCATION SOCIETY,753702,1234,11000317752087,1763775572,108613908890.0,INR,sale,ICICI UPI QR,RS,SIBL0000899,MERCHANT,UPI,,5.0,0.9,0,0,5.9,KOTAK SALESIAN PRIMARY SCHOOL,,REGULAR,18469,"262466,263884","2037,2041",
15824,,,8550,8550.0,2025-11-22 08:41:05,24-Nov-2025 00:00:00,TRANSACTION IS SUCCESSFUL,OK,lVl,eight thousand five hundred fifty,,SALESIAN EDUCATION SOCIETY,753702,1234,11000317755959,1763781049,722776047390.0,INR,sale,ICICI UPI QR,RS,SIBL0000899,MERCHANT,UPI,,5.0,0.9,0,0,5.9,KOTAK SALESIAN PRIMARY SCHOOL,,REGULAR,18667,"262441,264022","2037,2041",UPI INTENT
15009,,,9150,9150.0,2025-11-22 08:44:37,24-Nov-2025 00:00:00,TRANSACTION IS SUCCESSFUL,OK,Multi,nine thousand one hundred fifty,,SALESIAN EDUCATION SOCIETY,753702,1234,11000317756764,1763781250,387942566112.0,INR,sale,ICICI UPI QR,RNS,IFSC0000000,MERCHANT,UPI,,5.0,0.9,0,0,5.9,,,REGULAR,19026,"262897,264400","2037,2043",UPI INTENT
17316,,,8250,8250.0,2025-11-22 09:33:58,24-Nov-2025 00:00:00,TRANSACTION IS SUCCESSFUL,OK,lVl,eight thousand two hundred fifty,,SALESIAN EDUCATION SOCIETY,753702,1234,11000317759875,1763783349,929606991918.0,INR,sale,ICICI UPI QR,RS,SIBL0000899,MERCHANT,UPI,,5.0,0.9,0,0,5.9,KOTAK SALESIAN PRIMARY SCHOOL,,REGULAR,20024,"262633,263603","2037,2040",UPI INTENT
16598,,,8250,8250.0,2025-11-22 09:56:00,24-Nov-2025 00:00:00,TRANSACTION IS SUCCESSFUL,OK,lVl,eight thousand two hundred fifty,,SALESIAN EDUCATION SOCIETY,753702,1234,11000317762419,1763785456,108614534365.0,INR,sale,ICICI UPI QR,RS,SIBL0000899,MERCHANT,UPI,,5.0,0.9,0,0,5.9,KOTAK SALESIAN PRIMARY SCHOOL,,REGULAR,18346,"262200,263672","2037,2040",
17219,,,8250,8250.0,2025-11-22 10:44:52,24-Nov-2025 00:00:00,TRANSACTION IS SUCCESS,OK,lVl,eight thousand two hundred fifty,,SALESIAN EDUCATION SOCIETY,753702,1234,11000317773361,1763788142,104508217364.0,INR,sale,ICICI UPI QR,RS,SIBL0000899,MERCHANT,QR_UPI,,5.0,0.9,0,0,5.9,KOTAK SALESIAN PRIMARY SCHOOL,,REGULAR,19931,"262332,263555","2037,2040",PG QR
14944,,,11250,11250.0,2025-11-22 10:53:07,24-Nov-2025 00:00:00,TRANSACTION IS SUCCESSFUL,OK,Multi,eleven thousand two hundred fifty,,SALESIAN EDUCATION SOCIETY,753702,1234,11000317774408,1763788955,108614807525.0,INR,sale,ICICI UPI QR,RNS,IFSC0000000,MERCHANT,UPI,,5.0,0.9,0,0,5.9,,,REGULAR,19236,"263139,264642","2037,2044",
17099,,,6750,6750.0,2025-11-22 12:23:46,24-Nov-2025 00:00:00,TRANSACTION IS SUCCESSFUL,OK,PREKGUKG,six thousand seven hundred fifty,,SALESIAN EDUCATION SOCIETY,753702,1234,11000317789451,1763794365,84407133536.0,INR,sale,ICICI UPI QR,RS,SIBL0000899,MERCHANT,UPI,,5.0,0.9,0,0,5.9,KOTAK SALESIAN SCHOOL MANAGEMENT ACCOUNT,,REGULAR,18095,265111,2047,UPI INTENT
17100,,,8050,8050.0,2025-11-22 12:26:26,24-Nov-2025 00:00:00,TRANSACTION IS SUCCESSFUL,OK,lVl,eight thousand fifty,,SALESIAN EDUCATION SOCIETY,753702,1234,11000317789617,1763794575,892395505599.0,INR,sale,ICICI UPI QR,RS,SIBL0000899,MERCHANT,UPI,,5.0,0.9,0,0,5.9,KOTAK SALESIAN PRIMARY SCHOOL,,REGULAR,18638,265647,2049,UPI INTENT
16721,,,8250,8250.0,2025-11-22 12:59:10,24-Nov-2025 00:00:00,TRANSACTION IS SUCCESSFUL,OK,lVl,eight thousand two hundred fifty,,SALESIAN EDUCATION SOCIETY,753702,1234,11000317794411,1763796507,108615558861.0,INR,sale,ICICI UPI QR,RS,SIBL0000899,MERCHANT,UPI,,5.0,0.9,0,0,5.9,KOTAK SALESIAN PRIMARY SCHOOL,,REGULAR,18114,"262147,263524","2037,2040",
14160,,,11350,11350.0,2025-11-24 08:01:40,,TRANSACTION IS SUCCESSFUL,OK,VlllX,eleven thousand three hundred fifty,,SALESIAN EDUCATION SOCIETY,753702,1234,11000317917995,1763951385,108625745822.0,INR,sale,ICICI UPI QR,RNS,SIBL0000899,MERCHANT,UPI,,5.0,0.9,0,0,5.9,KOTAK SALESIAN SECONDARY SCHOOL ICSE,,REGULAR,19571,264841,2045,
14511,,,11850,11850.0,2025-11-24 08:07:11,25-Nov-2025 00:00:00,TRANSACTION IS SUCCESSFUL,OK,Multi,eleven thousand eight hundred fifty,,SALESIAN EDUCATION SOCIETY,753702,1234,11000317919152,1763951723,108625767984.0,INR,sale,ICICI UPI QR,RNS,IFSC0000000,MERCHANT,UPI,,5.0,0.9,0,0,5.9,,,REGULAR,19336,"263218,264721","2037,2045",
17103,,,6750,6750.0,2025-11-24 08:19:39,25-Nov-2025 00:00:00,TRANSACTION IS SUCCESSFUL,OK,PREKGUKG,six thousand seven hundred fifty,,SALESIAN EDUCATION SOCIETY,753702,1234,11000317919499,1763952416,108625814663.0,INR,sale,ICICI UPI QR,RS,SIBL0000899,MERCHANT,UPI,,5.0,0.9,0,0,5.9,KOTAK SALESIAN SCHOOL MANAGEMENT ACCOUNT,,REGULAR,18038,263436,2039,
16067,,,22000,22000.0,2025-11-24 10:20:54,25-Nov-2025 00:00:00,TRANSACTION IS SUCCESSFUL,OK,Multi,twenty two thousand ,,SALESIAN EDUCATION SOCIETY,753702,1234,11000317934837,1763959817,694416410395.0,INR,sale,ICICI UPI QR,RNS,IFSC0000000,MERCHANT,UPI,,5.0,0.9,0,0,5.9,,,REGULAR,19319,"263145,264648,266298","2037,2044,2052",UPI INTENT
16555,,,8850,8850.0,2025-11-25 09:02:25,26-Nov-2025 00:00:00,TRANSACTION IS SUCCESSFUL,OK,lVl,eight thousand eight hundred fifty,,SALESIAN EDUCATION SOCIETY,753702,1234,11000318061560,1764041529,285283553470.0,INR,sale,ICICI UPI QR,RS,SIBL0000899,MERCHANT,UPI,,5.0,0.9,0,0,5.9,KOTAK SALESIAN PRIMARY SCHOOL,,REGULAR,18789,"262103,264102","2037,2042",UPI INTENT
15863,,,8550,8550.0,2025-11-25 12:04:15,26-Nov-2025 00:00:00,TRANSACTION IS SUCCESSFUL,OK,lVl,eight thousand five hundred fifty,,SALESIAN EDUCATION SOCIETY,753702,1234,11000318091639,1764052436,514342923427.0,INR,sale,ICICI UPI QR,RS,SIBL0000899,MERCHANT,UPI,,5.0,0.9,0,0,5.9,KOTAK SALESIAN PRIMARY SCHOOL,,REGULAR,18543,"262382,264003","2037,2041",UPI INTENT
17295,,,6750,6750.0,2025-11-25 19:32:34,26-Nov-2025 00:00:00,TRANSACTION IS SUCCESSFUL,OK,PREKGUKG,six thousand seven hundred fifty,,SALESIAN EDUCATION SOCIETY,753702,1234,11000318159831,1764079329,569509465610.0,INR,sale,ICICI UPI QR,RS,SIBL0000899,MERCHANT,UPI,,5.0,0.9,0,0,5.9,KOTAK SALESIAN SCHOOL MANAGEMENT ACCOUNT,,REGULAR,20005,265045,2047,UPI INTENT
16196,,,11350,11350.0,2025-11-26 13:06:35,,TRANSACTION IS SUCCESSFUL,OK,VlllX,eleven thousand three hundred fifty,,SALESIAN EDUCATION SOCIETY,753702,1234,11000318238042,1764142579,779334795869.0,INR,sale,ICICI UPI QR,RNS,SIBL0000899,MERCHANT,UPI,,5.0,0.9,0,0,5.9,KOTAK SALESIAN SECONDARY SCHOOL ICSE,,REGULAR,19597,261864,2036,UPI INTENT
14874,,,10750,10750.0,2025-11-26 13:08:30,,TRANSACTION IS SUCCESSFUL,OK,VlllX,ten thousand seven hundred fifty,,SALESIAN EDUCATION SOCIETY,753702,1234,11000318238143,1764142689,640249767855.0,INR,sale,ICICI UPI QR,RNS,SIBL0000899,MERCHANT,UPI,,5.0,0.9,0,0,5.9,KOTAK SALESIAN SECONDARY SCHOOL ICSE,,REGULAR,19186,261642,2035,UPI INTENT
16915,,,6750,6750.0,2025-11-30 19:27:04,01-Dec-2025 00:00:00,TRANSACTION IS SUCCESSFUL,OK,PREKGUKG,six thousand seven hundred fifty,,SALESIAN EDUCATION SOCIETY,753702,1234,11000318681594,1764510946,253593820489.0,INR,sale,ICICI UPI QR,RS,SIBL0000899,MERCHANT,UPI,,5.0,0.9,0,0,5.9,KOTAK SALESIAN SCHOOL MANAGEMENT ACCOUNT,,REGULAR,18069,265116,2047,UPI INTENT
15962,,,11350,11350.0,2025-12-02 10:00:57,,TRANSACTION IS SUCCESSFUL,OK,VlllX,eleven thousand three hundred fifty,,SALESIAN EDUCATION SOCIETY,753702,1234,11000318889672,1764649784,108676570140.0,INR,sale,ICICI UPI QR,RNS,SIBL0000899,MERCHANT,UPI,,5.0,0.9,0,0,5.9,KOTAK SALESIAN SECONDARY SCHOOL ICSE,,REGULAR,19562,266565,2053,
17307,,,8350,8350.0,2025-12-02 11:23:13,03-Dec-2025 00:00:00,TRANSACTION IS SUCCESSFUL,OK,lVl,eight thousand three hundred fifty,,SALESIAN EDUCATION SOCIETY,753702,1234,11000318907761,1764654572,108677081867.0,INR,sale,ICICI UPI QR,RS,SIBL0000899,MERCHANT,UPI,,5.0,0.9,0,0,5.9,KOTAK SALESIAN PRIMARY SCHOOL,,REGULAR,20016,265830,2050,
17201,,,7750,7750.0,2025-12-03 12:56:10,04-Dec-2025 00:00:00,TRANSACTION IS SUCCESSFUL,OK,lVl,seven thousand seven hundred fifty,,SALESIAN EDUCATION SOCIETY,753702,1234,11000319087080,1764746759,104049297773.0,INR,sale,ICICI UPI QR,RS,SIBL0000899,MERCHANT,UPI,,5.0,0.9,0,0,5.9,KOTAK SALESIAN PRIMARY SCHOOL,,REGULAR,19915,265222,2048,UPI INTENT
16147,,,8350,8350.0,2025-12-04 17:57:16,05-Dec-2025 00:00:00,TRANSACTION IS SUCCESSFUL,OK,lVl,eight thousand three hundred fifty,,SALESIAN EDUCATION SOCIETY,753702,1234,11000319277676,1764851203,571789451692.0,INR,sale,ICICI UPI QR,RS,SIBL0000899,MERCHANT,UPI,,5.0,0.9,0,0,5.9,KOTAK SALESIAN PRIMARY SCHOOL,,REGULAR,18767,265790,2050,UPI INTENT
15762,,,8350,8350.0,2025-12-06 09:17:33,08-Dec-2025 00:00:00,TRANSACTION IS SUCCESSFUL,OK,lVl,eight thousand three hundred fifty,,SALESIAN EDUCATION SOCIETY,753702,1234,11000319490500,1764992795,108703980088.0,INR,sale,ICICI UPI QR,RS,SIBL0000899,MERCHANT,UPI,,5.0,0.9,0,0,5.9,KOTAK SALESIAN PRIMARY SCHOOL,,REGULAR,18805,265779,2050,
15868,,,8050,8050.0,2025-12-07 21:32:51,08-Dec-2025 00:00:00,TRANSACTION IS SUCCESSFUL,OK,lVl,eight thousand fifty,,SALESIAN EDUCATION SOCIETY,753702,1234,11000319686064,1765123332,213323909356.0,INR,sale,ICICI UPI QR,RS,SIBL0000899,MERCHANT,UPI,,5.0,0.9,0,0,5.9,KOTAK SALESIAN PRIMARY SCHOOL,,REGULAR,18624,265707,2049,UPI INTENT
15533,,,8350,8350.0,2025-12-08 15:32:58,09-Dec-2025 00:00:00,TRANSACTION IS SUCCESSFUL,OK,lVl,eight thousand three hundred fifty,,SALESIAN EDUCATION SOCIETY,753702,1234,11000319809148,1765188111,108719254095.0,INR,sale,ICICI UPI QR,RS,SIBL0000899,MERCHANT,UPI,,5.0,0.9,0,0,5.9,KOTAK SALESIAN PRIMARY SCHOOL,,REGULAR,18907,265963,2050,
17179,,,6750,6750.0,2025-12-08 17:43:10,09-Dec-2025 00:00:00,TRANSACTION IS SUCCESSFUL,OK,PREKGUKG,six thousand seven hundred fifty,,SALESIAN EDUCATION SOCIETY,753702,1234,11000319830313,1765195873,108720139585.0,INR,sale,ICICI UPI QR,RS,SIBL0000899,MERCHANT,UPI,,5.0,0.9,0,0,5.9,KOTAK SALESIAN SCHOOL MANAGEMENT ACCOUNT,,REGULAR,19894,264985,2047,
17146,,,6750,6750.0,2025-12-12 10:57:59,15-Dec-2025 00:00:00,TRANSACTION IS SUCCESSFUL,OK,PREKGUKG,six thousand seven hundred fifty,,SALESIAN EDUCATION SOCIETY,753702,1234,11000340117361,1765517263,534655013098.0,INR,sale,ICICI UPI QR,RS,SIBL0000899,MERCHANT,UPI,,5.0,0.9,0,0,5.9,KOTAK SALESIAN SCHOOL MANAGEMENT ACCOUNT,,REGULAR,19849,265097,2047,UPI INTENT
17147,,,8050,8050.0,2025-12-12 10:58:54,15-Dec-2025 00:00:00,TRANSACTION IS SUCCESSFUL,OK,lVl,eight thousand fifty,,SALESIAN EDUCATION SOCIETY,753702,1234,11000340117427,1765517323,571217384715.0,INR,sale,ICICI UPI QR,RS,SIBL0000899,MERCHANT,UPI,,5.0,0.9,0,0,5.9,KOTAK SALESIAN PRIMARY SCHOOL,,REGULAR,19850,265556,2049,UPI INTENT
17370,,,8050,8050.0,2025-12-12 15:19:14,15-Dec-2025 00:00:00,TRANSACTION IS SUCCESSFUL,OK,lVl,eight thousand fifty,,SALESIAN EDUCATION SOCIETY,753702,1234,11000340161581,1765532834,108745991711.0,INR,sale,ICICI UPI QR,RS,SIBL0000899,MERCHANT,UPI,,5.0,0.9,0,0,5.9,KOTAK SALESIAN PRIMARY SCHOOL,,REGULAR,20089,268484,2049,
17336,,,10750,10750.0,2025-12-13 10:25:13,,TRANSACTION IS SUCCESSFUL,OK,VlllX,ten thousand seven hundred fifty,,SALESIAN EDUCATION SOCIETY,753702,1234,11000340240544,1765601703,790303117843.0,INR,sale,ICICI UPI QR,RNS,SIBL0000899,MERCHANT,UPI,,5.0,0.9,0,0,5.9,KOTAK SALESIAN SECONDARY SCHOOL ICSE,,REGULAR,20064,266318,2052,UPI INTENT
17367,,,6750,6750.0,2025-12-13 15:24:28,15-Dec-2025 00:00:00,TRANSACTION IS SUCCESS,OK,PREKGUKG,six thousand seven hundred fifty,,SALESIAN EDUCATION SOCIETY,753702,1234,11000340278660,1765619596,397896712035.0,INR,sale,ICICI UPI QR,RS,SIBL0000899,MERCHANT,QR_UPI,,5.0,0.9,0,0,5.9,KOTAK SALESIAN SCHOOL MANAGEMENT ACCOUNT,,REGULAR,20086,268470,2047,PG QR
16796,,,8650,8650.0,2025-12-15 11:57:08,,TRANSACTION IS SUCCESSFUL,OK,Vll,eight thousand six hundred fifty,,SALESIAN EDUCATION SOCIETY,753702,1234,11000340453923,1765779979,231872222125.0,INR,sale,ICICI UPI QR,RNS,SIBL0000899,MERCHANT,UPI,,5.0,0.9,0,0,5.9,KOTAK SALESIAN HIGH SCHOOL SSC,,REGULAR,19010,266145,2051,UPI INTENT
16797,,,8350,8350.0,2025-12-15 11:58:00,16-Dec-2025 00:00:00,TRANSACTION IS SUCCESSFUL,OK,lVl,eight thousand three hundred fifty,,SALESIAN EDUCATION SOCIETY,753702,1234,11000340456018,1765780062,717946201991.0,INR,sale,ICICI UPI QR,RS,SIBL0000899,MERCHANT,UPI,,5.0,0.9,0,0,5.9,KOTAK SALESIAN PRIMARY SCHOOL,,REGULAR,18786,265832,2050,UPI INTENT
16936,,,7750,7750.0,2025-12-16 12:06:31,17-Dec-2025 00:00:00,TRANSACTION IS SUCCESSFUL,OK,lVl,seven thousand seven hundred fifty,,SALESIAN EDUCATION SOCIETY,753702,1234,11000340619866,1765866976,690206926885.0,INR,sale,ICICI UPI QR,RS,SIBL0000899,MERCHANT,UPI,,5.0,0.9,0,0,5.9,KOTAK SALESIAN PRIMARY SCHOOL,,REGULAR,18341,265338,2048,UPI INTENT
16906,,,10750,10750.0,2025-12-17 12:40:11,,TRANSACTION IS SUCCESSFUL,OK,VlllX,ten thousand seven hundred fifty,,SALESIAN EDUCATION SOCIETY,753702,1234,11000340759102,1765955387,794450161070.0,INR,sale,ICICI UPI QR,RNS,SIBL0000899,MERCHANT,UPI,,5.0,0.9,0,0,5.9,KOTAK SALESIAN SECONDARY SCHOOL ICSE,,REGULAR,19168,266241,2052,UPI INTENT
16937,,,7750,7750.0,2025-12-17 19:39:33,18-Dec-2025 00:00:00,TRANSACTION IS SUCCESSFUL,OK,lVl,seven thousand seven hundred fifty,,SALESIAN EDUCATION SOCIETY,753702,1234,11000340813371,1765980521,108780945784.0,INR,sale,ICICI UPI QR,RS,SIBL0000899,MERCHANT,UPI,,5.0,0.9,0,0,5.9,KOTAK SALESIAN PRIMARY SCHOOL,,REGULAR,18292,265434,2048,
15621,,,11350,11350.0,2025-12-18 12:09:57,,TRANSACTION IS SUCCESSFUL,OK,VlllX,eleven thousand three hundred fifty,,SALESIAN EDUCATION SOCIETY,753702,1234,11000340878141,1766039017,297705735742.0,INR,sale,ICICI UPI QR,RNS,SIBL0000899,MERCHANT,UPI,,5.0,0.9,0,0,5.9,KOTAK SALESIAN SECONDARY SCHOOL ICSE,,REGULAR,19519,266531,2053,UPI INTENT
16914,,,6750,6750.0,2025-12-18 17:07:06,19-Dec-2025 00:00:00,TRANSACTION IS SUCCESSFUL,OK,PREKGUKG,six thousand seven hundred fifty,,SALESIAN EDUCATION SOCIETY,753702,1234,11000340919232,1766057697,108787285351.0,INR,sale,ICICI UPI QR,RS,SIBL0000899,MERCHANT,UPI,,5.0,0.9,0,0,5.9,KOTAK SALESIAN SCHOOL MANAGEMENT ACCOUNT,,REGULAR,18066,265129,2047,
16552,,,8050,8050.0,2025-12-18 20:31:47,19-Dec-2025 00:00:00,SUCCESS,OK,lVl,eight thousand fifty,,SALESIAN EDUCATION SOCIETY,753702,1234,11000340940536,1766070034,1.012025352350549e+17,INR,sale,BANK OF BARODA FSS,RS,SIBL0000899,MERCHANT,DC,,5.0,0.9,0,0,5.9,KOTAK SALESIAN PRIMARY SCHOOL,,REGULAR,18375,265457,2049,
15824,,,8050,8050.0,2025-12-31 07:37:12,01-Jan-2026 00:00:00,TRANSACTION IS SUCCESSFUL,OK,lVl,eight thousand fifty,,SALESIAN EDUCATION SOCIETY,753702,1234,11000342204411,1767145208,67115244586.0,INR,sale,ICICI UPI QR,RS,SIBL0000899,MERCHANT,UPI,,5.0,0.9,0,0,5.9,KOTAK SALESIAN PRIMARY SCHOOL,,REGULAR,18667,265672,2049,UPI INTENT
17188,,,7750,7750.0,2025-12-31 19:23:00,01-Jan-2026 00:00:00,TRANSACTION IS SUCCESSFUL,OK,lVl,seven thousand seven hundred fifty,,SALESIAN EDUCATION SOCIETY,753702,1234,11000342307101,1767189156,108881246730.0,INR,sale,ICICI UPI QR,RS,SIBL0000899,MERCHANT,UPI,,5.0,0.9,0,0,5.9,KOTAK SALESIAN PRIMARY SCHOOL,,REGULAR,19902,265340,2048,
16104,,,8350,8350.0,2025-12-31 20:40:26,01-Jan-2026 00:00:00,TRANSACTION IS SUCCESSFUL,OK,lVl,eight thousand three hundred fifty,,SALESIAN EDUCATION SOCIETY,753702,1234,11000342315290,1767193550,108881815622.0,INR,sale,ICICI UPI QR,RS,SIBL0000899,MERCHANT,UPI,,5.0,0.9,0,0,5.9,KOTAK SALESIAN PRIMARY SCHOOL,,REGULAR,18807,267483,2058,
16974,,,7750,7750.0,2026-01-01 09:00:50,02-Jan-2026 00:00:00,TRANSACTION IS SUCCESSFUL,OK,lVl,seven thousand seven hundred fifty,,SALESIAN EDUCATION SOCIETY,753702,1234,11000342341005,1767238144,108884026898.0,INR,sale,ICICI UPI QR,RS,SIBL0000899,MERCHANT,UPI,,5.0,0.9,0,0,5.9,KOTAK SALESIAN PRIMARY SCHOOL,,REGULAR,18273,265390,2048,
17219,,,7750,7750.0,2026-01-01 10:46:18,02-Jan-2026 00:00:00,TRANSACTION IS SUCCESSFUL,OK,lVl,seven thousand seven hundred fifty,,SALESIAN EDUCATION SOCIETY,753702,1234,11000342354253,1767244559,104639698103.0,INR,sale,ICICI UPI QR,RS,SIBL0000899,MERCHANT,UPI,,5.0,0.9,0,0,5.9,KOTAK SALESIAN PRIMARY SCHOOL,,REGULAR,19931,265205,2048,UPI INTENT
17211,,,7750,7750.0,2026-01-02 17:33:21,03-Jan-2026 00:00:00,TRANSACTION IS SUCCESSFUL,OK,lVl,seven thousand seven hundred fifty,,SALESIAN EDUCATION SOCIETY,753702,1234,11000342590071,1767355353,108896145112.0,INR,sale,ICICI UPI QR,RS,SIBL0000899,MERCHANT,UPI,,5.0,0.9,0,0,5.9,KOTAK SALESIAN PRIMARY SCHOOL,,REGULAR,19925,265220,2048,
17211,,,7750,7750.0,2026-01-02 17:35:15,03-Jan-2026 00:00:00,TRANSACTION IS SUCCESSFUL,OK,lVl,seven thousand seven hundred fifty,,SALESIAN EDUCATION SOCIETY,753702,1234,11000342590128,1767355490,108896159648.0,INR,sale,ICICI UPI QR,RS,SIBL0000899,MERCHANT,UPI,,5.0,0.9,0,0,5.9,KOTAK SALESIAN PRIMARY SCHOOL,,REGULAR,19925,266870,2056,
17358,,,7750,7750.0,2026-01-03 11:15:36,05-Jan-2026 00:00:00,TRANSACTION IS SUCCESSFUL,OK,lVl,seven thousand seven hundred fifty,,SALESIAN EDUCATION SOCIETY,753702,1234,11000342680749,1767419107,600378887759.0,INR,sale,ICICI UPI QR,RS,SIBL0000899,MERCHANT,UPI,,5.0,0.9,0,0,5.9,KOTAK SALESIAN PRIMARY SCHOOL,,REGULAR,20077,268294,2048,UPI INTENT
16507,,,15500,15500.0,2026-01-07 08:41:12,08-Jan-2026 00:00:00,TRANSACTION IS SUCCESSFUL,OK,lVl,fifteen thousand five hundred,,SALESIAN EDUCATION SOCIETY,753702,1234,11000343525514,1767755445,279709918647.0,INR,sale,ICICI UPI QR,RS,SIBL0000899,MERCHANT,UPI,,5.0,0.9,0,0,5.9,KOTAK SALESIAN PRIMARY SCHOOL,,REGULAR,18352,"265332,266982","2048,2056",UPI INTENT
16894,,,8650,8650.0,2026-01-07 17:04:48,,TRANSACTION IS SUCCESSFUL,OK,Vll,eight thousand six hundred fifty,,SALESIAN EDUCATION SOCIETY,753702,1234,11000343669593,1767785538,691063181825.0,INR,sale,ICICI UPI QR,RNS,SIBL0000899,MERCHANT,UPI,,5.0,0.9,0,0,5.9,KOTAK SALESIAN HIGH SCHOOL SSC,,REGULAR,19146,266163,2051,UPI INTENT
17277,,,6750,6750.0,2026-01-10 09:21:38,12-Jan-2026 00:00:00,TRANSACTION IS SUCCESSFUL,OK,PREKGUKG,six thousand seven hundred fifty,,SALESIAN EDUCATION SOCIETY,753702,1234,11000344283491,1768017067,108952003059.0,INR,sale,ICICI UPI QR,RS,SIBL0000899,MERCHANT,UPI,,5.0,0.9,0,0,5.9,KOTAK SALESIAN SCHOOL MANAGEMENT ACCOUNT,,REGULAR,19988,265125,2047,
17264,,,7750,7750.0,2026-01-10 12:11:32,12-Jan-2026 00:00:00,TRANSACTION IS SUCCESSFUL,OK,lVl,seven thousand seven hundred fifty,,SALESIAN EDUCATION SOCIETY,753702,1234,11000344351903,1768027227,108953138415.0,INR,sale,ICICI UPI QR,RS,SIBL0000899,MERCHANT,UPI,,5.0,0.9,0,0,5.9,KOTAK SALESIAN PRIMARY SCHOOL,,REGULAR,19975,265274,2048,
17264,,,7750,7750.0,2026-01-10 12:14:02,12-Jan-2026 00:00:00,TRANSACTION IS SUCCESSFUL,OK,lVl,seven thousand seven hundred fifty,,SALESIAN EDUCATION SOCIETY,753702,1234,11000344353254,1768027340,108953157494.0,INR,sale,ICICI UPI QR,RS,SIBL0000899,MERCHANT,UPI,,5.0,0.9,0,0,5.9,KOTAK SALESIAN PRIMARY SCHOOL,,REGULAR,19975,266924,2056,
16686,,,8050,8050.0,2026-01-19 08:07:08,20-Jan-2026 00:00:00,TRANSACTION IS SUCCESSFUL,OK,lVl,eight thousand fifty,,SALESIAN EDUCATION SOCIETY,753702,1234,11000345867539,1768790106,109014543218.0,INR,sale,ICICI UPI QR,RS,SIBL0000899,MERCHANT,UPI,,5.0,0.9,0,0,5.9,KOTAK SALESIAN PRIMARY SCHOOL,,REGULAR,18393,267111,2057,
17175,,,6750,6750.0,2026-01-19 08:09:06,20-Jan-2026 00:00:00,TRANSACTION IS SUCCESSFUL,OK,PREKGUKG,six thousand seven hundred fifty,,SALESIAN EDUCATION SOCIETY,753702,1234,11000345867589,1768790317,109014551659.0,INR,sale,ICICI UPI QR,RS,SIBL0000899,MERCHANT,UPI,,5.0,0.9,0,0,5.9,KOTAK SALESIAN SCHOOL MANAGEMENT ACCOUNT,,REGULAR,19890,266639,2055,
17316,,,7750,7750.0,2026-01-19 10:57:18,20-Jan-2026 00:00:00,TRANSACTION IS SUCCESSFUL,OK,lVl,seven thousand seven hundred fifty,,SALESIAN EDUCATION SOCIETY,753702,1234,11000345916088,1768799896,464738387430.0,INR,sale,ICICI UPI QR,RS,SIBL0000899,MERCHANT,UPI,,5.0,0.9,0,0,5.9,KOTAK SALESIAN PRIMARY SCHOOL,,REGULAR,20024,265253,2048,UPI INTENT
16313,,,8650,8650.0,2026-01-19 22:18:56,,TRANSACTION IS SUCCESSFUL,OK,Vll,eight thousand six hundred fifty,,SALESIAN EDUCATION SOCIETY,753702,1234,11000346179829,1768841237,899357782103.0,INR,sale,ICICI UPI QR,RNS,SIBL0000899,MERCHANT,UPI,,5.0,0.9,0,0,5.9,KOTAK SALESIAN HIGH SCHOOL SSC,,REGULAR,19096,266126,2051,UPI INTENT
16555,,,8350,8350.0,2026-01-20 17:50:43,21-Jan-2026 00:00:00,TRANSACTION IS SUCCESSFUL,OK,lVl,eight thousand three hundred fifty,,SALESIAN EDUCATION SOCIETY,753702,1234,11000346395565,1768911627,306068999759.0,INR,sale,ICICI UPI QR,RS,SIBL0000899,MERCHANT,UPI,,5.0,0.9,0,0,5.9,KOTAK SALESIAN PRIMARY SCHOOL,,REGULAR,18789,265752,2050,UPI INTENT
17268,,,8050,8050.0,2026-01-21 11:00:25,22-Jan-2026 00:00:00,TRANSACTION IS SUCCESSFUL,OK,lVl,eight thousand fifty,,SALESIAN EDUCATION SOCIETY,753702,1234,11000346525369,1768973323,655956291842.0,INR,sale,ICICI UPI QR,RS,SIBL0000899,MERCHANT,UPI,,5.0,0.9,0,0,5.9,KOTAK SALESIAN PRIMARY SCHOOL,,REGULAR,19979,265502,2049,UPI INTENT
15765,,,8650,8650.0,2026-01-21 12:31:04,,TRANSACTION IS SUCCESSFUL,OK,Vll,eight thousand six hundred fifty,,SALESIAN EDUCATION SOCIETY,753702,1234,11000346568106,1768978763,109029876457.0,INR,sale,ICICI UPI QR,RNS,SIBL0000899,MERCHANT,UPI,,5.0,0.9,0,0,5.9,KOTAK SALESIAN HIGH SCHOOL SSC,,REGULAR,19022,266033,2051,
14706,,,11350,11350.0,2026-01-22 07:56:13,,TRANSACTION IS SUCCESSFUL,OK,VlllX,eleven thousand three hundred fifty,,SALESIAN EDUCATION SOCIETY,753702,1234,11000346670581,1769048719,136130932845.0,INR,sale,ICICI UPI QR,RNS,SIBL0000899,MERCHANT,UPI,,5.0,0.9,0,0,5.9,KOTAK SALESIAN SECONDARY SCHOOL ICSE,,REGULAR,19397,266418,2053,UPI INTENT
15618,,,8350,8350.0,2026-01-22 08:14:26,23-Jan-2026 00:00:00,TRANSACTION IS SUCCESSFUL,OK,lVl,eight thousand three hundred fifty,,SALESIAN EDUCATION SOCIETY,753702,1234,11000346674063,1769049843,632058461761.0,INR,sale,ICICI UPI QR,RS,SIBL0000899,MERCHANT,UPI,,5.0,0.9,0,0,5.9,KOTAK SALESIAN PRIMARY SCHOOL,,REGULAR,18866,265897,2050,UPI INTENT
16617,,,8050,8050.0,2026-01-22 19:45:38,23-Jan-2026 00:00:00,TRANSACTION IS SUCCESSFUL,OK,lVl,eight thousand fifty,,SALESIAN EDUCATION SOCIETY,753702,1234,11000346806094,1769090880,109039770569.0,INR,sale,ICICI UPI QR,RS,SIBL0000899,MERCHANT,UPI,,5.0,0.9,0,0,5.9,KOTAK SALESIAN PRIMARY SCHOOL,,REGULAR,18610,267230,2057,
15539,,,8350,8350.0,2026-01-23 06:50:59,27-Jan-2026 00:00:00,TRANSACTION IS SUCCESSFUL,OK,lVl,eight thousand three hundred fifty,,SALESIAN EDUCATION SOCIETY,753702,1234,11000346831268,1769131185,638921959953.0,INR,sale,ICICI UPI QR,RS,SIBL0000899,MERCHANT,UPI,,5.0,0.9,0,0,5.9,KOTAK SALESIAN PRIMARY SCHOOL,,REGULAR,18875,267563,2058,UPI INTENT
17270,,,7750,7750.0,2026-01-23 09:30:36,27-Jan-2026 00:00:00,TRANSACTION IS SUCCESSFUL,OK,lVl,seven thousand seven hundred fifty,,SALESIAN EDUCATION SOCIETY,753702,1234,11000346844834,1769140828,891843903115.0,INR,sale,ICICI UPI QR,RS,SIBL0000899,MERCHANT,UPI,,5.0,0.9,0,0,5.9,KOTAK SALESIAN PRIMARY SCHOOL,,REGULAR,19981,266915,2056,UPI INTENT
16648,,,7750,7750.0,2026-01-23 09:40:57,27-Jan-2026 00:00:00,TRANSACTION IS SUCCESSFUL,OK,lVl,seven thousand seven hundred fifty,,SALESIAN EDUCATION SOCIETY,753702,1234,11000346846448,1769141317,109042639757.0,INR,sale,ICICI UPI QR,RS,SIBL0000899,MERCHANT,UPI,,5.0,0.9,0,0,5.9,KOTAK SALESIAN PRIMARY SCHOOL,,REGULAR,18172,266904,2056,
14569,,,11350,11350.0,2026-01-23 10:47:03,,TRANSACTION IS SUCCESSFUL,OK,VlllX,eleven thousand three hundred fifty,,SALESIAN EDUCATION SOCIETY,753702,1234,11000346858020,1769145410,938830485824.0,INR,sale,ICICI UPI QR,RNS,SIBL0000899,MERCHANT,UPI,,5.0,0.9,0,0,5.9,KOTAK SALESIAN SECONDARY SCHOOL ICSE,,REGULAR,19505,266608,2053,UPI INTENT
14741,,,11350,11350.0,2026-01-23 12:37:15,,TRANSACTION IS SUCCESSFUL,OK,VlllX,eleven thousand three hundred fifty,,SALESIAN EDUCATION SOCIETY,753702,1234,11000346874934,1769152013,744495867933.0,INR,sale,ICICI UPI QR,RNS,SIBL0000899,MERCHANT,UPI,,5.0,0.9,0,0,5.9,KOTAK SALESIAN SECONDARY SCHOOL ICSE,,REGULAR,19518,266530,2053,UPI INTENT
14319,,,22700,22700.0,2026-01-23 12:56:31,,TRANSACTION IS SUCCESSFUL,OK,VlllX,twenty two thousand seven hundred,,SALESIAN EDUCATION SOCIETY,753702,1234,11000346878686,1769169337,250331567150.0,INR,sale,ICICI UPI QR,RNS,SIBL0000899,MERCHANT,UPI,,5.0,0.9,0,0,5.9,KOTAK SALESIAN SECONDARY SCHOOL ICSE,,REGULAR,19498,"266614,268264","2053,2061",UPI INTENT
14152,,,11350,11350.0,2026-01-23 13:01:25,,TRANSACTION IS SUCCESSFUL,OK,VlllX,eleven thousand three hundred fifty,,SALESIAN EDUCATION SOCIETY,753702,1234,11000346879346,1769153340,109044037469.0,INR,sale,ICICI UPI QR,RNS,SIBL0000899,MERCHANT,UPI,,5.0,0.9,0,0,5.9,KOTAK SALESIAN SECONDARY SCHOOL ICSE,,REGULAR,19353,266388,2053,
16496,,,11350,11350.0,2026-01-24 08:45:20,,TRANSACTION IS SUCCESSFUL,OK,VlllX,eleven thousand three hundred fifty,,SALESIAN EDUCATION SOCIETY,753702,1234,11000346968551,1769224504,302212189815.0,INR,sale,ICICI UPI QR,RNS,SIBL0000899,MERCHANT,UPI,,5.0,0.9,0,0,5.9,KOTAK SALESIAN SECONDARY SCHOOL ICSE,,REGULAR,19380,266406,2053,UPI INTENT
16460,,,11350,11350.0,2026-01-24 08:54:46,,TRANSACTION IS SUCCESSFUL,OK,VlllX,eleven thousand three hundred fifty,,SALESIAN EDUCATION SOCIETY,753702,1234,11000346968962,1769225070,566245840665.0,INR,sale,ICICI UPI QR,RNS,SIBL0000899,MERCHANT,UPI,,5.0,0.9,0,0,5.9,KOTAK SALESIAN SECONDARY SCHOOL ICSE,,REGULAR,19486,266548,2053,UPI INTENT
16208,,,11350,11350.0,2026-01-24 10:04:31,,TRANSACTION IS SUCCESSFUL,OK,VlllX,eleven thousand three hundred fifty,,SALESIAN EDUCATION SOCIETY,753702,1234,11000346977003,1769229258,348778801124.0,INR,sale,ICICI UPI QR,RNS,SIBL0000899,MERCHANT,UPI,,5.0,0.9,0,0,5.9,KOTAK SALESIAN SECONDARY SCHOOL ICSE,,REGULAR,19412,266452,2053,UPI INTENT
15253,,,11350,11350.0,2026-01-24 10:08:32,,TRANSACTION IS SUCCESSFUL,OK,VlllX,eleven thousand three hundred fifty,,SALESIAN EDUCATION SOCIETY,753702,1234,11000346977375,1769229450,697973343000.0,INR,sale,ICICI UPI QR,RNS,SIBL0000899,MERCHANT,UPI,,5.0,0.9,0,0,5.9,KOTAK SALESIAN SECONDARY SCHOOL ICSE,,REGULAR,19356,266367,2053,UPI INTENT
16844,,,11350,11350.0,2026-01-24 10:49:26,,TRANSACTION IS SUCCESSFUL,OK,VlllX,eleven thousand three hundred fifty,,SALESIAN EDUCATION SOCIETY,753702,1234,11000346985333,1769231939,953155834178.0,INR,sale,ICICI UPI QR,RNS,SIBL0000899,MERCHANT,UPI,,5.0,0.9,0,0,5.9,KOTAK SALESIAN SECONDARY SCHOOL ICSE,,REGULAR,19487,266613,2053,UPI INTENT
16955,,,7750,7750.0,2026-01-24 11:06:08,27-Jan-2026 00:00:00,TRANSACTION IS SUCCESSFUL,OK,lVl,seven thousand seven hundred fifty,,SALESIAN EDUCATION SOCIETY,753702,1234,11000346988908,1769232802,109049853098.0,INR,sale,ICICI UPI QR,RS,SIBL0000899,MERCHANT,UPI,,5.0,0.9,0,0,5.9,KOTAK SALESIAN PRIMARY SCHOOL,,REGULAR,18229,266951,2056,
14541,,,11350,11350.0,2026-01-24 11:30:33,,TRANSACTION IS SUCCESSFUL,OK,VlllX,eleven thousand three hundred fifty,,SALESIAN EDUCATION SOCIETY,753702,1234,11000346993137,1769234416,432003362670.0,INR,sale,ICICI UPI QR,RNS,SIBL0000899,MERCHANT,UPI,,5.0,0.9,0,0,5.9,KOTAK SALESIAN SECONDARY SCHOOL ICSE,,REGULAR,19459,266435,2053,UPI INTENT
15952,,,11350,11350.0,2026-01-24 12:25:49,,TRANSACTION IS SUCCESSFUL,OK,VlllX,eleven thousand three hundred fifty,,SALESIAN EDUCATION SOCIETY,753702,1234,11000347001524,1769237723,744362088782.0,INR,sale,ICICI UPI QR,RNS,SIBL0000899,MERCHANT,UPI,,5.0,0.9,0,0,5.9,KOTAK SALESIAN SECONDARY SCHOOL ICSE,,REGULAR,19419,266365,2053,UPI INTENT
14652,,,11350,11350.0,2026-01-24 13:21:28,,TRANSACTION IS SUCCESSFUL,OK,VlllX,eleven thousand three hundred fifty,,SALESIAN EDUCATION SOCIETY,753702,1234,11000347009869,1769240812,557427391390.0,INR,sale,ICICI UPI QR,RNS,SIBL0000899,MERCHANT,UPI,,5.0,0.9,0,0,5.9,KOTAK SALESIAN SECONDARY SCHOOL ICSE,,REGULAR,19448,266450,2053,UPI INTENT
17178,,,7750,7750.0,2026-01-24 16:27:44,27-Jan-2026 00:00:00,TRANSACTION IS SUCCESSFUL,OK,lVl,seven thousand seven hundred fifty,,SALESIAN EDUCATION SOCIETY,753702,1234,11000347038757,1769251908,109052062295.0,INR,sale,ICICI UPI QR,RS,SIBL0000899,MERCHANT,UPI,,5.0,0.9,0,0,5.9,KOTAK SALESIAN PRIMARY SCHOOL,,REGULAR,19893,266835,2056,
17163,,,6750,6750.0,2026-01-25 21:28:07,27-Jan-2026 00:00:00,TRANSACTION IS SUCCESSFUL,OK,PREKGUKG,six thousand seven hundred fifty,,SALESIAN EDUCATION SOCIETY,753702,1234,11000347140427,1769356585,109060546215.0,INR,sale,ICICI UPI QR,RS,SIBL0000899,MERCHANT,UPI,,5.0,0.9,0,0,5.9,KOTAK SALESIAN SCHOOL MANAGEMENT ACCOUNT,,REGULAR,19878,265043,2047,
14872,,,10750,10750.0,2026-01-26 09:50:19,,TRANSACTION IS SUCCESSFUL,OK,VlllX,ten thousand seven hundred fifty,,SALESIAN EDUCATION SOCIETY,753702,1234,11000347158162,1769401204,322203571426.0,INR,sale,ICICI UPI QR,RNS,SIBL0000899,MERCHANT,UPI,,5.0,0.9,0,0,5.9,KOTAK SALESIAN SECONDARY SCHOOL ICSE,,REGULAR,19238,266325,2052,UPI INTENT
17164,,,6750,6750.0,2026-01-26 13:21:48,27-Jan-2026 00:00:00,TRANSACTION IS SUCCESSFUL,OK,PREKGUKG,six thousand seven hundred fifty,,SALESIAN EDUCATION SOCIETY,753702,1234,11000347183204,1769413872,109063896797.0,INR,sale,ICICI UPI QR,RS,SIBL0000899,MERCHANT,UPI,,5.0,0.9,0,0,5.9,KOTAK SALESIAN SCHOOL MANAGEMENT ACCOUNT,,REGULAR,19879,266789,2055,
15457,,,43100,43100.0,2026-01-26 15:03:09,27-Jan-2026 00:00:00,TRANSACTION IS SUCCESSFUL,OK,Multi,forty three thousand one hundred,,SALESIAN EDUCATION SOCIETY,753702,1234,11000347191020,1769419950,150333137683.0,INR,sale,ICICI UPI QR,RNS,IFSC0000000,MERCHANT,UPI,,5.0,0.9,0,0,5.9,,,REGULAR,19481,"251562,249074,249075,249076,261922","2011,2010,2010,2010,2036",UPI INTENT
15319,,,41950,41950.0,2026-01-26 15:07:24,27-Jan-2026 00:00:00,TRANSACTION IS SUCCESSFUL,OK,Multi,forty one thousand nine hundred fifty,,SALESIAN EDUCATION SOCIETY,753702,1234,11000347191159,1769420222,150742538694.0,INR,sale,ICICI UPI QR,RNS,IFSC0000000,MERCHANT,UPI,,5.0,0.9,0,0,5.9,,,REGULAR,19413,"251492,248794,248795,248796,261845,263317","2011,2009,2009,2009,2036,2037",UPI INTENT
14160,,,11350,11350.0,2026-01-27 07:55:26,,TRANSACTION IS SUCCESSFUL,OK,VlllX,eleven thousand three hundred fifty,,SALESIAN EDUCATION SOCIETY,753702,1234,11000347256104,1769480567,109068599127.0,INR,sale,ICICI UPI QR,RNS,SIBL0000899,MERCHANT,UPI,,5.0,0.9,0,0,5.9,KOTAK SALESIAN SECONDARY SCHOOL ICSE,,REGULAR,19571,266491,2053,
14511,,,11350,11350.0,2026-01-27 08:01:20,,TRANSACTION IS SUCCESSFUL,OK,VlllX,eleven thousand three hundred fifty,,SALESIAN EDUCATION SOCIETY,753702,1234,11000347257195,1769480830,109068627803.0,INR,sale,ICICI UPI QR,RNS,SIBL0000899,MERCHANT,UPI,,5.0,0.9,0,0,5.9,KOTAK SALESIAN SECONDARY SCHOOL ICSE,,REGULAR,19336,266371,2053,
16307,,,8050,8050.0,2026-01-27 10:05:54,28-Jan-2026 00:00:00,TRANSACTION IS SUCCESSFUL,OK,lVl,eight thousand fifty,,SALESIAN EDUCATION SOCIETY,753702,1234,11000347300849,1769488542,357434084064.0,INR,sale,ICICI UPI QR,RS,SIBL0000899,MERCHANT,UPI,,5.0,0.9,0,0,5.9,KOTAK SALESIAN PRIMARY SCHOOL,,REGULAR,18587,265706,2049,UPI INTENT
14942,,,11350,11350.0,2026-01-27 10:04:33,,TRANSACTION IS SUCCESSFUL,OK,VlllX,eleven thousand three hundred fifty,,SALESIAN EDUCATION SOCIETY,753702,1234,11000347302220,1769488424,361152503768.0,INR,sale,ICICI UPI QR,RNS,SIBL0000899,MERCHANT,UPI,,5.0,0.9,0,0,5.9,KOTAK SALESIAN SECONDARY SCHOOL ICSE,,REGULAR,19492,266571,2053,UPI INTENT
14830,,,22700,22700.0,2026-01-27 10:26:25,,TRANSACTION IS SUCCESSFUL,OK,VlllX,twenty two thousand seven hundred,,SALESIAN EDUCATION SOCIETY,753702,1234,11000347306175,1769489743,903036563145.0,INR,sale,ICICI UPI QR,RNS,SIBL0000899,MERCHANT,UPI,,5.0,0.9,0,0,5.9,KOTAK SALESIAN SECONDARY SCHOOL ICSE,,REGULAR,19604,"266596,268246","2053,2061",UPI INTENT
16196,,,22700,22700.0,2026-01-27 12:00:01,,TRANSACTION IS SUCCESSFUL,OK,VlllX,twenty two thousand seven hundred,,SALESIAN EDUCATION SOCIETY,753702,1234,11000347328943,1769495251,602755092306.0,INR,sale,ICICI UPI QR,RNS,SIBL0000899,MERCHANT,UPI,,5.0,0.9,0,0,5.9,KOTAK SALESIAN SECONDARY SCHOOL ICSE,,REGULAR,19597,"264839,266489","2045,2053",UPI INTENT
14285,,,11350,11350.0,2026-01-27 11:59:29,,TRANSACTION IS SUCCESSFUL,OK,VlllX,eleven thousand three hundred fifty,,SALESIAN EDUCATION SOCIETY,753702,1234,11000347330343,1769495348,30769157583.0,INR,sale,ICICI UPI QR,RNS,SIBL0000899,MERCHANT,UPI,,5.0,0.9,0,0,5.9,KOTAK SALESIAN SECONDARY SCHOOL ICSE,,REGULAR,19608,266570,2053,UPI INTENT
16721,,,7750,7750.0,2026-01-27 12:20:26,28-Jan-2026 00:00:00,TRANSACTION IS SUCCESSFUL,OK,lVl,seven thousand seven hundred fifty,,SALESIAN EDUCATION SOCIETY,753702,1234,11000347341033,1769494988,109070353121.0,INR,sale,ICICI UPI QR,RS,SIBL0000899,MERCHANT,UPI,,5.0,0.9,0,0,5.9,KOTAK SALESIAN PRIMARY SCHOOL,,REGULAR,18114,265174,2048,
15823,,,8350,8350.0,2026-01-27 12:34:33,28-Jan-2026 00:00:00,TRANSACTION IS SUCCESSFUL,OK,lVl,eight thousand three hundred fifty,,SALESIAN EDUCATION SOCIETY,753702,1234,11000347342741,1769496975,109070450811.0,INR,sale,ICICI UPI QR,RS,SIBL0000899,MERCHANT,UPI,,5.0,0.9,0,0,5.9,KOTAK SALESIAN PRIMARY SCHOOL,,REGULAR,18720,265773,2050,
17069,,,8350,8350.0,2026-01-27 14:58:44,28-Jan-2026 00:00:00,TRANSACTION IS SUCCESSFUL,OK,lVl,eight thousand three hundred fifty,,SALESIAN EDUCATION SOCIETY,753702,1234,11000347375496,1769506096,900078911921.0,INR,sale,ICICI UPI QR,RS,SIBL0000899,MERCHANT,UPI,,5.0,0.9,0,0,5.9,KOTAK SALESIAN PRIMARY SCHOOL,,REGULAR,18960,265927,2050,UPI INTENT
15027,,,22700,22700.0,2026-01-27 14:55:59,,TRANSACTION IS SUCCESSFUL,OK,VlllX,twenty two thousand seven hundred,,SALESIAN EDUCATION SOCIETY,753702,1234,11000347376357,1769505935,58982183299.0,INR,sale,ICICI UPI QR,RNS,SIBL0000899,MERCHANT,UPI,,5.0,0.9,0,0,5.9,KOTAK SALESIAN SECONDARY SCHOOL ICSE,,REGULAR,19551,"266582,268232","2053,2061",UPI INTENT
17197,,,6750,6750.0,2026-01-28 13:17:23,29-Jan-2026 00:00:00,TRANSACTION IS SUCCESSFUL,OK,PREKGUKG,six thousand seven hundred fifty,,SALESIAN EDUCATION SOCIETY,753702,1234,11000347530516,1769586348,109077387932.0,INR,sale,ICICI UPI QR,RS,SIBL0000899,MERCHANT,UPI,,5.0,0.9,0,0,5.9,KOTAK SALESIAN SCHOOL MANAGEMENT ACCOUNT,,REGULAR,19911,266720,2055,
15025,,,10750,10750.0,2026-01-28 22:57:16,,TRANSACTION IS SUCCESSFUL,OK,VlllX,ten thousand seven hundred fifty,,SALESIAN EDUCATION SOCIETY,753702,1234,11000347614077,1769621069,109080979496.0,INR,sale,ICICI UPI QR,RNS,SIBL0000899,MERCHANT,UPI,,5.0,0.9,0,0,5.9,KOTAK SALESIAN SECONDARY SCHOOL ICSE,,REGULAR,19264,266312,2052,
14179,,,22700,22700.0,2026-01-28 23:22:31,,TRANSACTION IS SUCCESSFUL,OK,VlllX,twenty two thousand seven hundred,,SALESIAN EDUCATION SOCIETY,753702,1234,11000347616233,1769622527,232254793834.0,INR,sale,ICICI UPI QR,RNS,SIBL0000899,MERCHANT,UPI,,5.0,0.9,0,0,5.9,KOTAK SALESIAN SECONDARY SCHOOL ICSE,,REGULAR,19590,"264853,266503","2045,2053",UPI INTENT
15938,,,8350,8350.0,2026-01-29 02:05:03,30-Jan-2026 00:00:00,TRANSACTION IS SUCCESSFUL,OK,lVl,eight thousand three hundred fifty,,SALESIAN EDUCATION SOCIETY,753702,1234,11000347619670,1769632447,109081256624.0,INR,sale,ICICI UPI QR,RS,SIBL0000899,MERCHANT,UPI,,5.0,0.9,0,0,5.9,KOTAK SALESIAN PRIMARY SCHOOL,,REGULAR,18863,267586,2058,
15237,,,8650,8650.0,2026-01-29 08:02:15,,TRANSACTION IS SUCCESSFUL,OK,Vll,eight thousand six hundred fifty,,SALESIAN EDUCATION SOCIETY,753702,1234,11000347624524,1769653866,109082072826.0,INR,sale,ICICI UPI QR,RNS,SIBL0000899,MERCHANT,UPI,,5.0,0.9,0,0,5.9,KOTAK SALESIAN HIGH SCHOOL SSC,,REGULAR,18984,266061,2051,
16148,,,24650,24650.0,2026-01-29 11:43:37,30-Jan-2026 00:00:00,TRANSACTION IS SUCCESSFUL,OK,lVl,twenty four thousand six hundred fifty,,SALESIAN EDUCATION SOCIETY,753702,1234,11000347665261,1769667026,109083484020.0,INR,sale,ICICI UPI QR,RS,SIBL0000899,MERCHANT,UPI,,5.0,0.9,0,0,5.9,KOTAK SALESIAN PRIMARY SCHOOL,,REGULAR,18502,"262506,263894,265544,267194","2037,2041,2049,2057",
16147,,,8350,8350.0,2026-01-29 11:48:21,30-Jan-2026 00:00:00,TRANSACTION IS SUCCESSFUL,OK,lVl,eight thousand three hundred fifty,,SALESIAN EDUCATION SOCIETY,753702,1234,11000347667143,1769667469,109083513527.0,INR,sale,ICICI UPI QR,RS,SIBL0000899,MERCHANT,UPI,,5.0,0.9,0,0,5.9,KOTAK SALESIAN PRIMARY SCHOOL,,REGULAR,18767,267440,2058,
17210,,,6750,6750.0,2026-01-29 18:54:47,30-Jan-2026 00:00:00,TRANSACTION IS SUCCESSFUL,OK,PREKGUKG,six thousand seven hundred fifty,,SALESIAN EDUCATION SOCIETY,753702,1234,11000347735867,1769693071,639543409302.0,INR,sale,ICICI UPI QR,RS,SIBL0000899,MERCHANT,UPI,,5.0,0.9,0,0,5.9,KOTAK SALESIAN SCHOOL MANAGEMENT ACCOUNT,,REGULAR,19924,266780,2055,UPI INTENT
17370,,,8050,8050.0,2026-01-30 10:20:21,31-Jan-2026 00:00:00,TRANSACTION IS SUCCESSFUL,OK,lVl,eight thousand fifty,,SALESIAN EDUCATION SOCIETY,753702,1234,11000347805222,1769748539,782823183812.0,INR,sale,ICICI UPI QR,RS,SIBL0000899,MERCHANT,UPI,,5.0,0.9,0,0,5.9,KOTAK SALESIAN PRIMARY SCHOOL,,REGULAR,20089,268485,2057,UPI INTENT
17061,,,10750,10750.0,2026-01-30 22:49:30,,TRANSACTION IS SUCCESSFUL,OK,VlllX,ten thousand seven hundred fifty,,SALESIAN EDUCATION SOCIETY,753702,1234,11000347945459,1769793554,603044734989.0,INR,sale,ICICI UPI QR,RNS,SIBL0000899,MERCHANT,UPI,,5.0,0.9,0,0,5.9,KOTAK SALESIAN SECONDARY SCHOOL ICSE,,REGULAR,19153,266251,2052,UPI INTENT
16937,,,7750,7750.0,2026-01-31 11:39:53,02-Feb-2026 00:00:00,TRANSACTION IS SUCCESSFUL,OK,lVl,seven thousand seven hundred fifty,,SALESIAN EDUCATION SOCIETY,753702,1234,11000347994515,1769839734,109096550984.0,INR,sale,ICICI UPI QR,RS,SIBL0000899,MERCHANT,UPI,,5.0,0.9,0,0,5.9,KOTAK SALESIAN PRIMARY SCHOOL,,REGULAR,18292,267084,2056,
17295,,,6750,6750.0,2026-01-31 12:22:53,02-Feb-2026 00:00:00,TRANSACTION IS SUCCESSFUL,OK,PREKGUKG,six thousand seven hundred fifty,,SALESIAN EDUCATION SOCIETY,753702,1234,11000348002801,1769842304,603137988475.0,INR,sale,ICICI UPI QR,RS,SIBL0000899,MERCHANT,UPI,,5.0,0.9,0,0,5.9,KOTAK SALESIAN SCHOOL MANAGEMENT ACCOUNT,,REGULAR,20005,266695,2055,UPI INTENT
16975,,,8350,8350.0,2026-01-31 18:13:43,02-Feb-2026 00:00:00,TRANSACTION IS SUCCESSFUL,OK,lVl,eight thousand three hundred fifty,,SALESIAN EDUCATION SOCIETY,753702,1234,11000348058030,1769863383,109099158804.0,INR,sale,ICICI UPI QR,RS,SIBL0000899,MERCHANT,UPI,,5.0,0.9,0,0,5.9,KOTAK SALESIAN PRIMARY SCHOOL,,REGULAR,18689,267419,2058,
17203,,,8050,8050.0,2026-01-31 18:17:11,02-Feb-2026 00:00:00,TRANSACTION IS SUCCESSFUL,OK,lVl,eight thousand fifty,,SALESIAN EDUCATION SOCIETY,753702,1234,11000348058210,1769863602,109099182132.0,INR,sale,ICICI UPI QR,RS,SIBL0000899,MERCHANT,UPI,,5.0,0.9,0,0,5.9,KOTAK SALESIAN PRIMARY SCHOOL,,REGULAR,19917,267156,2057,
15610,,,17200,17200.0,2026-01-31 21:10:07,02-Feb-2026 00:00:00,TRANSACTION IS SUCCESSFUL,OK,lVl,seventeen thousand two hundred,,SALESIAN EDUCATION SOCIETY,753702,1234,11000348075456,1769873832,211520585120.0,INR,sale,ICICI UPI QR,RS,SIBL0000899,MERCHANT,UPI,,5.0,0.9,0,0,5.9,KOTAK SALESIAN PRIMARY SCHOOL,,REGULAR,18708,"262434,264169,265819","2037,2042,2050",UPI INTENT
17299,,,6750,6750.0,2026-01-31 22:18:47,02-Feb-2026 00:00:00,TRANSACTION IS SUCCESSFUL,OK,PREKGUKG,six thousand seven hundred fifty,,SALESIAN EDUCATION SOCIETY,753702,1234,11000348084444,1769878103,261849315319.0,INR,sale,ICICI UPI QR,RS,SIBL0000899,MERCHANT,UPI,,5.0,0.9,0,0,5.9,KOTAK SALESIAN SCHOOL MANAGEMENT ACCOUNT,,REGULAR,20008,263349,2039,UPI INTENT
15237,,,8650,8650.0,2026-02-02 10:10:12,,TRANSACTION IS SUCCESSFUL,OK,Vll,eight thousand six hundred fifty,,SALESIAN EDUCATION SOCIETY,753702,1234,11000348259685,1770007167,109110162417.0,INR,sale,ICICI UPI QR,RNS,SIBL0000899,MERCHANT,UPI,,5.0,0.9,0,0,5.9,KOTAK SALESIAN HIGH SCHOOL SSC,,REGULAR,18984,268309,2059,
15025,,,10750,10750.0,2026-02-02 10:11:47,,TRANSACTION IS SUCCESSFUL,OK,VlllX,ten thousand seven hundred fifty,,SALESIAN EDUCATION SOCIETY,753702,1234,11000348259812,1770007283,109110173919.0,INR,sale,ICICI UPI QR,RNS,SIBL0000899,MERCHANT,UPI,,5.0,0.9,0,0,5.9,KOTAK SALESIAN SECONDARY SCHOOL ICSE,,REGULAR,19264,268649,2062,
17103,,,6750,6750.0,2026-02-02 11:03:20,03-Feb-2026 00:00:00,TRANSACTION IS SUCCESSFUL,OK,PREKGUKG,six thousand seven hundred fifty,,SALESIAN EDUCATION SOCIETY,753702,1234,11000348272865,1770010319,109110496570.0,INR,sale,ICICI UPI QR,RS,SIBL0000899,MERCHANT,UPI,,5.0,0.9,0,0,5.9,KOTAK SALESIAN SCHOOL MANAGEMENT ACCOUNT,,REGULAR,18038,265086,2047,
17278,,,6750,6750.0,2026-02-02 12:37:32,03-Feb-2026 00:00:00,TRANSACTION IS SUCCESSFUL,OK,PREKGUKG,six thousand seven hundred fifty,,SALESIAN EDUCATION SOCIETY,753702,1234,11000348296762,1770015969,603396699255.0,INR,sale,ICICI UPI QR,RS,SIBL0000899,MERCHANT,UPI,,5.0,0.9,0,0,5.9,KOTAK SALESIAN SCHOOL MANAGEMENT ACCOUNT,,REGULAR,19989,266791,2055,UPI INTENT
16983,,,8050,8050.0,2026-02-02 12:51:55,03-Feb-2026 00:00:00,TRANSACTION IS SUCCESSFUL,OK,lVl,eight thousand fifty,,SALESIAN EDUCATION SOCIETY,753702,1234,11000348300433,1770016889,109111170783.0,INR,sale,ICICI UPI QR,RS,SIBL0000899,MERCHANT,UPI,,5.0,0.9,0,0,5.9,KOTAK SALESIAN PRIMARY SCHOOL,,REGULAR,18526,265609,2049,
16983,,,8050,8050.0,2026-02-02 15:01:40,03-Feb-2026 00:00:00,TRANSACTION IS SUCCESSFUL,OK,lVl,eight thousand fifty,,SALESIAN EDUCATION SOCIETY,753702,1234,11000348327211,1770024680,109112112619.0,INR,sale,ICICI UPI QR,RS,SIBL0000899,MERCHANT,UPI,,5.0,0.9,0,0,5.9,KOTAK SALESIAN PRIMARY SCHOOL,,REGULAR,18526,267259,2057,
16981,,,15500,15500.0,2026-02-02 15:03:03,03-Feb-2026 00:00:00,TRANSACTION IS SUCCESSFUL,OK,lVl,fifteen thousand five hundred,,SALESIAN EDUCATION SOCIETY,753702,1234,11000348327327,1770024758,109112123447.0,INR,sale,ICICI UPI QR,RS,SIBL0000899,MERCHANT,UPI,,5.0,0.9,0,0,5.9,KOTAK SALESIAN PRIMARY SCHOOL,,REGULAR,18142,"265260,266910","2048,2056",
16046,,,8350,8350.0,2026-02-02 18:47:03,03-Feb-2026 00:00:00,TRANSACTION IS SUCCESSFUL,OK,lVl,eight thousand three hundred fifty,,SALESIAN EDUCATION SOCIETY,753702,1234,11000348365273,1770038166,109113635360.0,INR,sale,ICICI UPI QR,RS,SIBL0000899,MERCHANT,UPI,,5.0,0.9,0,0,5.9,KOTAK SALESIAN PRIMARY SCHOOL,,REGULAR,18940,267616,2058,
17149,,,8650,8650.0,2026-02-03 12:28:23,,TRANSACTION IS SUCCESSFUL,OK,Vll,eight thousand six hundred fifty,,SALESIAN EDUCATION SOCIETY,753702,1234,11000348471340,1770101732,109118392390.0,INR,sale,ICICI UPI QR,RNS,SIBL0000899,MERCHANT,UPI,,5.0,0.9,0,0,5.9,KOTAK SALESIAN HIGH SCHOOL SSC,,REGULAR,19852,266040,2051,
16992,,,7750,7750.0,2026-02-03 20:53:32,04-Feb-2026 00:00:00,TRANSACTION IS SUCCESSFUL,OK,lVl,seven thousand seven hundred fifty,,SALESIAN EDUCATION SOCIETY,753702,1234,11000348551835,1770132067,337099556372.0,INR,sale,ICICI UPI QR,RS,SIBL0000899,MERCHANT,UPI,,5.0,0.9,0,0,5.9,KOTAK SALESIAN PRIMARY SCHOOL,,REGULAR,18360,267018,2056,UPI INTENT
17307,,,8350,8350.0,2026-02-04 07:05:09,05-Feb-2026 00:00:00,TRANSACTION IS SUCCESSFUL,OK,lVl,eight thousand three hundred fifty,,SALESIAN EDUCATION SOCIETY,753702,1234,11000348575099,1770168829,109123051045.0,INR,sale,ICICI UPI QR,RS,SIBL0000899,MERCHANT,UPI,,5.0,0.9,0,0,5.9,KOTAK SALESIAN PRIMARY SCHOOL,,REGULAR,20016,267480,2058,
17069,,,8350,8350.0,2026-02-04 09:56:04,05-Feb-2026 00:00:00,TRANSACTION IS SUCCESSFUL,OK,lVl,eight thousand three hundred fifty,,SALESIAN EDUCATION SOCIETY,753702,1234,11000348596178,1770179127,496896024593.0,INR,sale,ICICI UPI QR,RS,SIBL0000899,MERCHANT,UPI,,5.0,0.9,0,0,5.9,KOTAK SALESIAN PRIMARY SCHOOL,,REGULAR,18960,267577,2058,UPI INTENT
15728,,,11350,11350.0,2026-02-04 10:05:07,,TRANSACTION IS SUCCESSFUL,OK,VlllX,eleven thousand three hundred fifty,,SALESIAN EDUCATION SOCIETY,753702,1234,11000348597736,1770179690,230527479236.0,INR,sale,ICICI UPI QR,RNS,SIBL0000899,MERCHANT,UPI,,5.0,0.9,0,0,5.9,KOTAK SALESIAN SECONDARY SCHOOL ICSE,,REGULAR,19462,268164,2061,UPI INTENT
15541,,,8350,8350.0,2026-02-04 23:05:27,05-Feb-2026 00:00:00,TRANSACTION IS SUCCESSFUL,OK,lVl,eight thousand three hundred fifty,,SALESIAN EDUCATION SOCIETY,753702,1234,11000348724700,1770226187,109128651847.0,INR,sale,ICICI UPI QR,RS,SIBL0000899,MERCHANT,UPI,,5.0,0.9,0,0,5.9,KOTAK SALESIAN PRIMARY SCHOOL,,REGULAR,18766,265813,2050,
16400,,,8050,8050.0,2026-02-06 15:42:50,07-Feb-2026 00:00:00,TRANSACTION IS SUCCESSFUL,OK,lVl,eight thousand fifty,,SALESIAN EDUCATION SOCIETY,753702,1234,11000348990079,1770372650,696631043153.0,INR,sale,ICICI UPI QR,RS,SIBL0000899,MERCHANT,UPI,,5.0,0.9,0,0,5.9,KOTAK SALESIAN PRIMARY SCHOOL,,REGULAR,18422,267145,2057,UPI INTENT
15762,,,8350,8350.0,2026-02-07 11:49:02,09-Feb-2026 00:00:00,TRANSACTION IS SUCCESSFUL,OK,lVl,eight thousand three hundred fifty,,SALESIAN EDUCATION SOCIETY,753702,1234,11000349086368,1770445075,109145651654.0,INR,sale,ICICI UPI QR,RS,SIBL0000899,MERCHANT,UPI,,5.0,0.9,0,0,5.9,KOTAK SALESIAN PRIMARY SCHOOL,,REGULAR,18805,267429,2058,
17229,,,8350,8350.0,2026-02-08 12:35:23,09-Feb-2026 00:00:00,TRANSACTION IS SUCCESSFUL,OK,lVl,eight thousand three hundred fifty,,SALESIAN EDUCATION SOCIETY,753702,1234,11000349188445,1770534277,773499900668.0,INR,sale,ICICI UPI QR,RS,SIBL0000899,MERCHANT,UPI,,5.0,0.9,0,0,5.9,KOTAK SALESIAN PRIMARY SCHOOL,,REGULAR,19941,267541,2058,UPI INTENT
16342,,,7750,7750.0,2026-02-08 14:40:50,09-Feb-2026 00:00:00,TRANSACTION IS SUCCESSFUL,OK,lVl,seven thousand seven hundred fifty,,SALESIAN EDUCATION SOCIETY,753702,1234,11000349199255,1770541823,89695506546.0,INR,sale,ICICI UPI QR,RS,SIBL0000899,MERCHANT,UPI,,5.0,0.9,0,0,5.9,KOTAK SALESIAN PRIMARY SCHOOL,,REGULAR,18265,267000,2056,UPI INTENT
16052,,,10750,10750.0,2026-02-09 21:49:08,,TRANSACTION IS SUCCESSFUL,OK,VlllX,ten thousand seven hundred fifty,,SALESIAN EDUCATION SOCIETY,753702,1234,11000349412641,1770653878,109162303649.0,INR,sale,ICICI UPI QR,RNS,SIBL0000899,MERCHANT,UPI,,5.0,0.9,0,0,5.9,KOTAK SALESIAN SECONDARY SCHOOL ICSE,,REGULAR,19325,268659,2062,
16167,,,8350,8350.0,2026-02-10 07:23:05,11-Feb-2026 00:00:00,TRANSACTION IS SUCCESSFUL,OK,lVl,eight thousand three hundred fifty,,SALESIAN EDUCATION SOCIETY,753702,1234,11000349433264,1770688284,109163767115.0,INR,sale,ICICI UPI QR,RS,SIBL0000899,MERCHANT,UPI,,5.0,0.9,0,0,5.9,KOTAK SALESIAN PRIMARY SCHOOL,,REGULAR,18687,265804,2050,
16353,,,8050,8050.0,2026-02-10 17:03:05,11-Feb-2026 00:00:00,TRANSACTION IS SUCCESSFUL,OK,lVl,eight thousand fifty,,SALESIAN EDUCATION SOCIETY,753702,1234,11000349550616,1770723058,109167537406.0,INR,sale,ICICI UPI QR,RS,SIBL0000899,MERCHANT,UPI,,5.0,0.9,0,0,5.9,KOTAK SALESIAN PRIMARY SCHOOL,,REGULAR,18469,265534,2049,
17260,,,16700,16700.0,2026-02-11 07:45:40,12-Feb-2026 00:00:00,TRANSACTION IS SUCCESSFUL,OK,lVl,sixteen thousand seven hundred,,SALESIAN EDUCATION SOCIETY,753702,1234,11000349611971,1770776081,109170679443.0,INR,sale,ICICI UPI QR,RS,SIBL0000899,MERCHANT,UPI,,5.0,0.9,0,0,5.9,KOTAK SALESIAN PRIMARY SCHOOL,,REGULAR,19972,"265869,267519","2050,2058",
17259,,,21500,21500.0,2026-02-11 08:00:22,,TRANSACTION IS SUCCESSFUL,OK,VlllX,twenty one thousand five hundred,,SALESIAN EDUCATION SOCIETY,753702,1234,11000349612523,1770776819,109170756189.0,INR,sale,ICICI UPI QR,RNS,SIBL0000899,MERCHANT,UPI,,5.0,0.9,0,0,5.9,KOTAK SALESIAN SECONDARY SCHOOL ICSE,,REGULAR,19971,"266353,268690","2052,2062",
16615,,,8650,8650.0,2026-02-13 08:29:21,,TRANSACTION IS SUCCESSFUL,OK,Vll,eight thousand six hundred fifty,,SALESIAN EDUCATION SOCIETY,753702,1234,11000349933934,1770951465,456479327537.0,INR,sale,ICICI UPI QR,RNS,SIBL0000899,MERCHANT,UPI,,5.0,0.9,0,0,5.9,KOTAK SALESIAN HIGH SCHOOL SSC,,REGULAR,19097,268335,2059,UPI INTENT
14652,,,11350,11350.0,2026-02-13 08:30:55,,TRANSACTION IS SUCCESSFUL,OK,VlllX,eleven thousand three hundred fifty,,SALESIAN EDUCATION SOCIETY,753702,1234,11000349933992,1770951642,186282312824.0,INR,sale,ICICI UPI QR,RNS,SIBL0000899,MERCHANT,UPI,,5.0,0.9,0,0,5.9,KOTAK SALESIAN SECONDARY SCHOOL ICSE,,REGULAR,19448,268100,2061,UPI INTENT
17367,,,6750,6750.0,2026-02-13 09:38:08,16-Feb-2026 00:00:00,TRANSACTION IS SUCCESS,OK,PREKGUKG,six thousand seven hundred fifty,,SALESIAN EDUCATION SOCIETY,753702,1234,11000349945161,1770955661,834632436491.0,INR,sale,ICICI UPI QR,RS,SIBL0000899,MERCHANT,QR_UPI,,5.0,0.9,0,0,5.9,KOTAK SALESIAN SCHOOL MANAGEMENT ACCOUNT,,REGULAR,20086,268471,2055,PG QR
15952,,,11350,11350.0,2026-02-13 18:18:42,,TRANSACTION IS SUCCESSFUL,OK,VlllX,eleven thousand three hundred fifty,,SALESIAN EDUCATION SOCIETY,753702,1234,11000350040172,1770986795,321558195549.0,INR,sale,ICICI UPI QR,RNS,SIBL0000899,MERCHANT,UPI,,5.0,0.9,0,0,5.9,KOTAK SALESIAN SECONDARY SCHOOL ICSE,,REGULAR,19419,268015,2061,UPI INTENT
15009,,,8650,8650.0,2026-02-14 08:24:58,,TRANSACTION IS SUCCESSFUL,OK,Vll,eight thousand six hundred fifty,,SALESIAN EDUCATION SOCIETY,753702,1234,11000350075558,1771037667,759841106307.0,INR,sale,ICICI UPI QR,RNS,SIBL0000899,MERCHANT,UPI,,5.0,0.9,0,0,5.9,KOTAK SALESIAN HIGH SCHOOL SSC,,REGULAR,19026,266050,2051,UPI INTENT
15095,,,11350,11350.0,2026-02-17 09:06:11,,TRANSACTION IS SUCCESSFUL,OK,VlllX,eleven thousand three hundred fifty,,SALESIAN EDUCATION SOCIETY,753702,1234,11000350432476,1771299354,387026729931.0,INR,sale,ICICI UPI QR,RNS,SIBL0000899,MERCHANT,UPI,,5.0,0.9,0,0,5.9,KOTAK SALESIAN SECONDARY SCHOOL ICSE,,REGULAR,19580,268160,2061,UPI INTENT
16615,,,8650,8650.0,2026-02-18 10:49:40,,TRANSACTION IS SUCCESSFUL,OK,Vll,eight thousand six hundred fifty,,SALESIAN EDUCATION SOCIETY,753702,1234,11000350603509,1771391968,821324645171.0,INR,sale,ICICI UPI QR,RNS,SIBL0000899,MERCHANT,UPI,,5.0,0.9,0,0,5.9,KOTAK SALESIAN HIGH SCHOOL SSC,,REGULAR,19097,266170,2051,UPI INTENT
15618,,,8350,8350.0,2026-02-18 20:11:30,20-Feb-2026 00:00:00,TRANSACTION IS SUCCESSFUL,OK,lVl,eight thousand three hundred fifty,,SALESIAN EDUCATION SOCIETY,753702,1234,11000350731551,1771425670,163162136750.0,INR,sale,ICICI UPI QR,RS,SIBL0000899,MERCHANT,UPI,,5.0,0.9,0,0,5.9,KOTAK SALESIAN PRIMARY SCHOOL,,REGULAR,18866,267547,2058,UPI INTENT
14706,,,11350,11350.0,2026-02-18 20:13:07,,TRANSACTION IS SUCCESSFUL,OK,VlllX,eleven thousand three hundred fifty,,SALESIAN EDUCATION SOCIETY,753702,1234,11000350731636,1771425769,842044167452.0,INR,sale,ICICI UPI QR,RNS,SIBL0000899,MERCHANT,UPI,,5.0,0.9,0,0,5.9,KOTAK SALESIAN SECONDARY SCHOOL ICSE,,REGULAR,19397,268068,2061,UPI INTENT
14888,,,10750,10750.0,2026-02-20 07:56:35,,TRANSACTION IS SUCCESSFUL,OK,VlllX,ten thousand seven hundred fifty,,SALESIAN EDUCATION SOCIETY,753702,1234,11000350963982,1771554340,109227319525.0,INR,sale,ICICI UPI QR,RNS,SIBL0000899,MERCHANT,UPI,,5.0,0.9,0,0,5.9,KOTAK SALESIAN SECONDARY SCHOOL ICSE,,REGULAR,19200,266268,2052,
17188,,,7750,7750.0,2026-02-22 12:39:56,23-Feb-2026 00:00:00,TRANSACTION IS SUCCESSFUL,OK,lVl,seven thousand seven hundred fifty,,SALESIAN EDUCATION SOCIETY,753702,1234,11000351187164,1771744152,109240823792.0,INR,sale,ICICI UPI QR,RS,SIBL0000899,MERCHANT,UPI,,5.0,0.9,0,0,5.9,KOTAK SALESIAN PRIMARY SCHOOL,,REGULAR,19902,266990,2056,
16056,,,8650,8650.0,2026-02-22 22:22:18,,TRANSACTION IS SUCCESS,OK,Vll,eight thousand six hundred fifty,,SALESIAN EDUCATION SOCIETY,753702,1234,11000351226381,1771778816,302542306467.0,INR,sale,ICICI UPI QR,RNS,SIBL0000899,MERCHANT,QR_UPI,,5.0,0.9,0,0,5.9,KOTAK SALESIAN HIGH SCHOOL SSC,,REGULAR,19023,266049,2051,PG QR
16552,,,8050,8050.0,2026-02-22 22:46:16,23-Feb-2026 00:00:00,TRANSACTION IS SUCCESS,OK,lVl,eight thousand fifty,,SALESIAN EDUCATION SOCIETY,753702,1234,11000351228098,1771779418,640262345476.0,INR,sale,ICICI UPI QR,RS,SIBL0000899,MERCHANT,QR_UPI,,5.0,0.9,0,0,5.9,KOTAK SALESIAN PRIMARY SCHOOL,,REGULAR,18375,267107,2057,PG QR
16208,,,11350,11350.0,2026-02-23 11:09:23,,TRANSACTION IS SUCCESSFUL,OK,VlllX,eleven thousand three hundred fifty,,SALESIAN EDUCATION SOCIETY,753702,1234,11000351269193,1771825072,109246378284.0,INR,sale,ICICI UPI QR,RNS,SIBL0000899,MERCHANT,UPI,,5.0,0.9,0,0,5.9,KOTAK SALESIAN SECONDARY SCHOOL ICSE,,REGULAR,19412,268102,2061,
16906,,,10750,10750.0,2026-02-23 17:39:15,,TRANSACTION IS SUCCESSFUL,OK,VlllX,ten thousand seven hundred fifty,,SALESIAN EDUCATION SOCIETY,753702,1234,11000351328822,1771848461,109248745854.0,INR,sale,ICICI UPI QR,RNS,SIBL0000899,MERCHANT,UPI,,5.0,0.9,0,0,5.9,KOTAK SALESIAN SECONDARY SCHOOL ICSE,,REGULAR,19168,268578,2062,
17099,,,6750,6750.0,2026-02-24 17:26:28,25-Feb-2026 00:00:00,TRANSACTION IS SUCCESS,OK,PREKGUKG,six thousand seven hundred fifty,,SALESIAN EDUCATION SOCIETY,753702,1234,11000351453145,1771934170,929800159168.0,INR,sale,ICICI UPI QR,RS,SIBL0000899,MERCHANT,QR_UPI,,5.0,0.9,0,0,5.9,KOTAK SALESIAN SCHOOL MANAGEMENT ACCOUNT,,REGULAR,18095,266761,2055,PG QR
17100,,,8050,8050.0,2026-02-24 17:27:19,25-Feb-2026 00:00:00,TRANSACTION IS SUCCESS,OK,lVl,eight thousand fifty,,SALESIAN EDUCATION SOCIETY,753702,1234,11000351454113,1771934227,555789383766.0,INR,sale,ICICI UPI QR,RS,SIBL0000899,MERCHANT,QR_UPI,,5.0,0.9,0,0,5.9,KOTAK SALESIAN PRIMARY SCHOOL,,REGULAR,18638,267297,2057,PG QR
17179,,,6750,6750.0,2026-02-24 22:50:26,25-Feb-2026 00:00:00,TRANSACTION IS SUCCESS,OK,PREKGUKG,six thousand seven hundred fifty,,SALESIAN EDUCATION SOCIETY,753702,1234,11000351479569,1771953532,145208162.0,INR,sale,ICICI UPI QR,RS,SIBL0000899,MERCHANT,QR_UPI,,5.0,0.9,0,0,5.9,KOTAK SALESIAN SCHOOL MANAGEMENT ACCOUNT,,REGULAR,19894,266635,2055,PG QR
16120,,,25550,25550.0,2026-02-25 21:19:38,26-Feb-2026 00:00:00,TRANSACTION IS SUCCESSFUL,OK,lVl,twenty five thousand five hundred fifty,,SALESIAN EDUCATION SOCIETY,753702,1234,11000351595092,1772034489,109262506265.0,INR,sale,ICICI UPI QR,RS,SIBL0000899,MERCHANT,UPI,,5.0,0.9,0,0,5.9,KOTAK SALESIAN PRIMARY SCHOOL,,REGULAR,18727,"261176,262330,264151,265801","2033,2037,2042,2050",
16977,,,6750,6750.0,2026-02-26 16:35:02,27-Feb-2026 00:00:00,TRANSACTION IS SUCCESSFUL,OK,PREKGUKG,six thousand seven hundred fifty,,SALESIAN EDUCATION SOCIETY,753702,1234,11000351694708,1772103829,109267256087.0,INR,sale,ICICI UPI QR,RS,SIBL0000899,MERCHANT,UPI,,5.0,0.9,0,0,5.9,KOTAK SALESIAN SCHOOL MANAGEMENT ACCOUNT,,REGULAR,18105,266784,2055,
17105,,,6750,6750.0,2026-02-26 20:59:33,27-Feb-2026 00:00:00,TRANSACTION IS SUCCESSFUL,OK,PREKGUKG,six thousand seven hundred fifty,,SALESIAN EDUCATION SOCIETY,753702,1234,11000351725842,1772119422,109268695191.0,INR,sale,ICICI UPI QR,RS,SIBL0000899,MERCHANT,UPI,,5.0,0.9,0,0,5.9,KOTAK SALESIAN SCHOOL MANAGEMENT ACCOUNT,,REGULAR,18096,266773,2055,
16031,M**** V****** S**,92****1340,8350,8350.0,2026-03-02 08:34:02,04-Mar-2026 00:00:00,TRANSACTION IS SUCCESS,OK,lVl,eight thousand three hundred fifty,********6600,SALESIAN EDUCATION SOCIETY,753702,1234,11000352121038,1772420420,606171974859.0,INR,sale,ICICI UPI QR,RS,SIBL0000899,MERCHANT,QR_UPI,k*************@gmail.com,5.0,0.9,0,0,5.9,KOTAK SALESIAN PRIMARY SCHOOL,,REGULAR,18978,267636,2058,PG QR
17177,T***** H*** C******,73****9208,6750,6750.0,2026-03-02 09:34:10,04-Mar-2026 00:00:00,TRANSACTION IS SUCCESSFUL,OK,PREKGUKG,six thousand seven hundred fifty,********6600,SALESIAN EDUCATION SOCIETY,753702,1234,11000352133780,1772424238,805616523520.0,INR,sale,ICICI UPI QR,RS,SIBL0000899,MERCHANT,UPI,k*************@gmail.com,5.0,0.9,0,0,5.9,KOTAK SALESIAN SCHOOL MANAGEMENT ACCOUNT,,REGULAR,19892,266661,2055,UPI INTENT
16927,T***** D********,73****9208,7750,7750.0,2026-03-02 09:33:18,04-Mar-2026 00:00:00,TRANSACTION IS SUCCESSFUL,OK,lVl,seven thousand seven hundred fifty,********6600,SALESIAN EDUCATION SOCIETY,753702,1234,11000352134464,1772424160,778077483731.0,INR,sale,ICICI UPI QR,RS,SIBL0000899,MERCHANT,UPI,k*************@gmail.com,5.0,0.9,0,0,5.9,KOTAK SALESIAN PRIMARY SCHOOL,,REGULAR,18339,266997,2056,UPI INTENT
16974,K******* E**** E****,98****0099,7750,7750.0,2026-03-02 11:31:24,04-Mar-2026 00:00:00,TRANSACTION IS SUCCESS,OK,lVl,seven thousand seven hundred fifty,********6600,SALESIAN EDUCATION SOCIETY,753702,1234,11000352162203,1772431154,606128095174.0,INR,sale,ICICI UPI QR,RS,SIBL0000899,MERCHANT,QR_UPI,k*************@gmail.com,5.0,0.9,0,0,5.9,KOTAK SALESIAN PRIMARY SCHOOL,,REGULAR,18273,267040,2056,PG QR
17147,R****** Y**** V****** R*****,77****0192,8050,8050.0,2026-03-02 12:16:58,04-Mar-2026 00:00:00,TRANSACTION IS SUCCESSFUL,OK,lVl,eight thousand fifty,********6600,SALESIAN EDUCATION SOCIETY,753702,1234,11000352171807,1772433952,398196116938.0,INR,sale,ICICI UPI QR,RS,SIBL0000899,MERCHANT,UPI,k*************@gmail.com,5.0,0.9,0,0,5.9,KOTAK SALESIAN PRIMARY SCHOOL,,REGULAR,19850,267206,2057,UPI INTENT
17146,R****** J******,77****0192,6750,6750.0,2026-03-02 12:12:45,04-Mar-2026 00:00:00,TRANSACTION IS SUCCESSFUL,OK,PREKGUKG,six thousand seven hundred fifty,********6600,SALESIAN EDUCATION SOCIETY,753702,1234,11000352172149,1772433686,201120935621.0,INR,sale,ICICI UPI QR,RS,SIBL0000899,MERCHANT,UPI,k*************@gmail.com,5.0,0.9,0,0,5.9,KOTAK SALESIAN SCHOOL MANAGEMENT ACCOUNT,,REGULAR,19849,266747,2055,UPI INTENT
16375,A***** N***,93****0583,8650,8650.0,2026-03-02 12:59:37,,TRANSACTION IS SUCCESSFUL,OK,Vll,eight thousand six hundred fifty,********6600,SALESIAN EDUCATION SOCIETY,753702,1234,11000352181791,1772436554,102107278836.0,INR,sale,ICICI UPI QR,RNS,SIBL0000899,MERCHANT,UPI,k*************@gmail.com,5.0,0.9,0,0,5.9,KOTAK SALESIAN HIGH SCHOOL SSC,,REGULAR,19024,268411,2059,UPI INTENT
16580,C******* A************* M*********,99****6244,8350,8350.0,2026-03-04 08:11:47,05-Mar-2026 00:00:00,TRANSACTION IS SUCCESSFUL,OK,lVl,eight thousand three hundred fifty,********6600,SALESIAN EDUCATION SOCIETY,753702,1234,11000352412921,1772591976,471174884415.0,INR,sale,ICICI UPI QR,RS,SIBL0000899,MERCHANT,UPI,k*************@gmail.com,5.0,0.9,0,0,5.9,KOTAK SALESIAN PRIMARY SCHOOL,,REGULAR,18889,265961,2050,UPI INTENT
16580,C******* A************* M*********,99****6244,8350,8350.0,2026-03-04 08:15:48,05-Mar-2026 00:00:00,TRANSACTION IS SUCCESSFUL,OK,lVl,eight thousand three hundred fifty,********6600,SALESIAN EDUCATION SOCIETY,753702,1234,11000352414090,1772592337,841705895977.0,INR,sale,ICICI UPI QR,RS,SIBL0000899,MERCHANT,UPI,k*************@gmail.com,5.0,0.9,0,0,5.9,KOTAK SALESIAN PRIMARY SCHOOL,,REGULAR,18889,267611,2058,UPI INTENT
16740,S**** Y****,81****6234,7750,7750.0,2026-03-04 12:15:54,05-Mar-2026 00:00:00,TRANSACTION IS SUCCESSFUL,OK,lVl,seven thousand seven hundred fifty,********6600,SALESIAN EDUCATION SOCIETY,753702,1234,11000352452868,1772606734,599097516858.0,INR,sale,ICICI UPI QR,RS,SIBL0000899,MERCHANT,UPI,k*************@gmail.com,5.0,0.9,0,0,5.9,KOTAK SALESIAN PRIMARY SCHOOL,,REGULAR,18209,265271,2048,UPI INTENT
16936,H******** R*****,63****8581,7750,7750.0,2026-03-04 12:14:41,05-Mar-2026 00:00:00,TRANSACTION IS SUCCESSFUL,OK,lVl,seven thousand seven hundred fifty,********6600,SALESIAN EDUCATION SOCIETY,753702,1234,11000352453019,1772606665,104032665366.0,INR,sale,ICICI UPI QR,RS,SIBL0000899,MERCHANT,UPI,k*************@gmail.com,5.0,0.9,0,0,5.9,KOTAK SALESIAN PRIMARY SCHOOL,,REGULAR,18341,266988,2056,UPI INTENT
15041,B**** A****** S***,90****9626,10750,10750.0,2026-03-04 16:37:01,,TRANSACTION IS SUCCESSFUL,OK,VlllX,ten thousand seven hundred fifty,********6600,SALESIAN EDUCATION SOCIETY,753702,1234,11000352485593,1772622269,192575940153.0,INR,sale,ICICI UPI QR,RNS,SIBL0000899,MERCHANT,UPI,k*************@gmail.com,5.0,0.9,0,0,5.9,KOTAK SALESIAN SECONDARY SCHOOL ICSE,,REGULAR,19287,266193,2052,UPI INTENT
16721,K****** G**********,99****1635,7750,7750.0,2026-03-05 08:11:09,06-Mar-2026 00:00:00,TRANSACTION IS SUCCESSFUL,OK,lVl,seven thousand seven hundred fifty,********6600,SALESIAN EDUCATION SOCIETY,753702,1234,11000352541449,1772678341,723742672506.0,INR,sale,ICICI UPI QR,RS,SIBL0000899,MERCHANT,UPI,k*************@gmail.com,5.0,0.9,0,0,5.9,KOTAK SALESIAN PRIMARY SCHOOL,,REGULAR,18114,266824,2056,UPI INTENT
15823,K****** H*****,99****1635,8350,8350.0,2026-03-05 09:22:20,06-Mar-2026 00:00:00,TRANSACTION IS SUCCESSFUL,OK,lVl,eight thousand three hundred fifty,********6600,SALESIAN EDUCATION SOCIETY,753702,1234,11000352552409,1772682729,169051468182.0,INR,sale,ICICI UPI QR,RS,SIBL0000899,MERCHANT,UPI,k*************@gmail.com,5.0,0.9,0,0,5.9,KOTAK SALESIAN PRIMARY SCHOOL,,REGULAR,18720,267423,2058,UPI INTENT
15536,K**** M*********,97****1309,8350,8350.0,2026-03-05 13:10:19,06-Mar-2026 00:00:00,TRANSACTION IS SUCCESSFUL,OK,lVl,eight thousand three hundred fifty,********6600,SALESIAN EDUCATION SOCIETY,753702,1234,11000352602879,1772696399,594651190291.0,INR,sale,ICICI UPI QR,RS,SIBL0000899,MERCHANT,UPI,k*************@gmail.com,5.0,0.9,0,0,5.9,KOTAK SALESIAN PRIMARY SCHOOL,,REGULAR,18911,265921,2050,UPI INTENT
15541,R****** V***********,98****9449,8350,8350.0,2026-03-05 15:15:35,06-Mar-2026 00:00:00,TRANSACTION IS SUCCESS,OK,lVl,eight thousand three hundred fifty,********6600,SALESIAN EDUCATION SOCIETY,753702,1234,11000352631037,1772703916,617759165517.0,INR,sale,ICICI UPI QR,RS,SIBL0000899,MERCHANT,QR_UPI,k*************@gmail.com,5.0,0.9,0,0,5.9,KOTAK SALESIAN PRIMARY SCHOOL,,REGULAR,18766,267463,2058,PG QR
17163,M******* Z*** K***,82****8795,6750,6750.0,2026-03-06 00:57:14,07-Mar-2026 00:00:00,TRANSACTION IS SUCCESSFUL,OK,PREKGUKG,six thousand seven hundred fifty,********6600,SALESIAN EDUCATION SOCIETY,753702,1234,11000352698044,1772738726,606512772867.0,INR,sale,ICICI UPI QR,RS,SIBL0000899,MERCHANT,UPI,k*************@gmail.com,5.0,0.9,0,0,5.9,KOTAK SALESIAN SCHOOL MANAGEMENT ACCOUNT,,REGULAR,19878,266693,2055,UPI INTENT
15746,Y**** Y******* N****,94****1196,16700,16700.0,2026-03-06 09:26:59,07-Mar-2026 00:00:00,TRANSACTION IS SUCCESSFUL,OK,lVl,sixteen thousand seven hundred,********6600,SALESIAN EDUCATION SOCIETY,753702,1234,11000352720949,1772769405,685322950436.0,INR,sale,ICICI UPI QR,RS,SIBL0000899,MERCHANT,UPI,k*************@gmail.com,5.0,0.9,0,0,5.9,KOTAK SALESIAN PRIMARY SCHOOL,,REGULAR,18731,"265778,267428","2050,2058",UPI INTENT
14949,M***** S******* L****** S** M** R**,80****0739,10750,10750.0,2026-03-06 10:16:05,,TRANSACTION IS SUCCESSFUL,OK,VlllX,ten thousand seven hundred fifty,********6600,SALESIAN EDUCATION SOCIETY,753702,1234,11000352730892,1772772303,606553970981.0,INR,sale,ICICI UPI QR,RNS,SIBL0000899,MERCHANT,UPI,k*************@gmail.com,5.0,0.9,0,0,5.9,KOTAK SALESIAN SECONDARY SCHOOL ICSE,,REGULAR,19326,268631,2062,UPI INTENT
16894,S**** V****** S** V***** V******,85****3683,8650,8650.0,2026-03-06 12:40:28,,TRANSACTION IS SUCCESSFUL,OK,Vll,eight thousand six hundred fifty,********6600,SALESIAN EDUCATION SOCIETY,753702,1234,11000352765283,1772781014,398424860025.0,INR,sale,ICICI UPI QR,RNS,SIBL0000899,MERCHANT,UPI,k*************@gmail.com,5.0,0.9,0,0,5.9,KOTAK SALESIAN HIGH SCHOOL SSC,,REGULAR,19146,268377,2059,UPI INTENT
17103,P******** B******* S**,63****9629,6750,6750.0,2026-03-06 15:43:40,07-Mar-2026 00:00:00,TRANSACTION IS SUCCESS,OK,PREKGUKG,six thousand seven hundred fifty,********6600,SALESIAN EDUCATION SOCIETY,753702,1234,11000352801097,1772791561,149006197244.0,INR,sale,ICICI UPI QR,RS,SIBL0000899,MERCHANT,QR_UPI,k*************@gmail.com,5.0,0.9,0,0,5.9,KOTAK SALESIAN SCHOOL MANAGEMENT ACCOUNT,,REGULAR,18038,266736,2055,PG QR
17093,S**** A******,98****7290,6750,6750.0,2026-03-06 15:47:29,07-Mar-2026 00:00:00,TRANSACTION IS SUCCESSFUL,OK,PREKGUKG,six thousand seven hundred fifty,********6600,SALESIAN EDUCATION SOCIETY,753702,1234,11000352801447,1772792222,600442299844.0,INR,sale,ICICI UPI QR,RS,SIBL0000899,MERCHANT,UPI,k*************@gmail.com,5.0,0.9,0,0,5.9,KOTAK SALESIAN SCHOOL MANAGEMENT ACCOUNT,,REGULAR,18047,265105,2047,UPI INTENT
16167,V******* L********,88****9151,8350,8350.0,2026-03-06 15:44:28,07-Mar-2026 00:00:00,TRANSACTION IS SUCCESSFUL,OK,lVl,eight thousand three hundred fifty,********6600,SALESIAN EDUCATION SOCIETY,753702,1234,11000352802158,1772791748,868411654766.0,INR,sale,ICICI UPI QR,RS,SIBL0000899,MERCHANT,UPI,k*************@gmail.com,5.0,0.9,0,0,5.9,KOTAK SALESIAN PRIMARY SCHOOL,,REGULAR,18687,267454,2058,UPI INTENT
16353,R***** H********* V*****,93****3084,8050,8050.0,2026-03-07 07:10:47,09-Mar-2026 00:00:00,TRANSACTION IS SUCCESSFUL,OK,lVl,eight thousand fifty,********6600,SALESIAN EDUCATION SOCIETY,753702,1234,11000352862728,1772847626,813785429091.0,INR,sale,ICICI UPI QR,RS,SIBL0000899,MERCHANT,UPI,k*************@gmail.com,5.0,0.9,0,0,5.9,KOTAK SALESIAN PRIMARY SCHOOL,,REGULAR,18469,267184,2057,UPI INTENT
17277,E******* M*******,96****1662,6750,6750.0,2026-03-07 07:59:43,09-Mar-2026 00:00:00,TRANSACTION IS SUCCESS,OK,PREKGUKG,six thousand seven hundred fifty,********6600,SALESIAN EDUCATION SOCIETY,753702,1234,11000352866337,1772850462,134637860821.0,INR,sale,ICICI UPI QR,RS,SIBL0000899,MERCHANT,QR_UPI,k*************@gmail.com,5.0,0.9,0,0,5.9,KOTAK SALESIAN SCHOOL MANAGEMENT ACCOUNT,,REGULAR,19988,266775,2055,PG QR
17138,S**** B******,79****8688,7750,7750.0,2026-03-07 08:33:27,09-Mar-2026 00:00:00,TRANSACTION IS SUCCESSFUL,OK,lVl,seven thousand seven hundred fifty,********6600,SALESIAN EDUCATION SOCIETY,753702,1234,11000352872110,1772852561,814343009761.0,INR,sale,ICICI UPI QR,RS,SIBL0000899,MERCHANT,UPI,k*************@gmail.com,5.0,0.9,0,0,5.9,KOTAK SALESIAN PRIMARY SCHOOL,,REGULAR,19841,267077,2056,UPI INTENT
17139,S**** B********* S**,79****8688,8350,8350.0,2026-03-07 08:46:11,09-Mar-2026 00:00:00,TRANSACTION IS SUCCESSFUL,OK,lVl,eight thousand three hundred fifty,********6600,SALESIAN EDUCATION SOCIETY,753702,1234,11000352872904,1772853355,320147941217.0,INR,sale,ICICI UPI QR,RS,SIBL0000899,MERCHANT,UPI,k*************@gmail.com,5.0,0.9,0,0,5.9,KOTAK SALESIAN PRIMARY SCHOOL,,REGULAR,19842,267444,2058,UPI INTENT
16043,V****** V******* M****,76****5088,8050,8050.0,2026-03-07 13:28:00,09-Mar-2026 00:00:00,TRANSACTION IS SUCCESSFUL,OK,lVl,eight thousand fifty,********6600,SALESIAN EDUCATION SOCIETY,753702,1234,11000352923458,1772870158,405349185208.0,INR,sale,ICICI UPI QR,RS,SIBL0000899,MERCHANT,UPI,k*************@gmail.com,5.0,0.9,0,0,5.9,KOTAK SALESIAN PRIMARY SCHOOL,,REGULAR,18574,267267,2057,UPI INTENT
16548,P******* C****** R******,90****9830,8350,8350.0,2026-03-07 13:32:30,09-Mar-2026 00:00:00,TRANSACTION IS SUCCESSFUL,OK,lVl,eight thousand three hundred fifty,********6600,SALESIAN EDUCATION SOCIETY,753702,1234,11000352924719,1772870522,800388341317.0,INR,sale,ICICI UPI QR,RS,SIBL0000899,MERCHANT,UPI,k*************@gmail.com,5.0,0.9,0,0,5.9,KOTAK SALESIAN PRIMARY SCHOOL,,REGULAR,18779,265858,2050,UPI INTENT
16761,T**** T*** K****,97****8884,8650,8650.0,2026-03-07 20:00:45,,TRANSACTION IS SUCCESSFUL,OK,Vll,eight thousand six hundred fifty,********6600,SALESIAN EDUCATION SOCIETY,753702,1234,11000352973663,1772893755,17268084705.0,INR,sale,ICICI UPI QR,RNS,SIBL0000899,MERCHANT,UPI,k*************@gmail.com,5.0,0.9,0,0,5.9,KOTAK SALESIAN HIGH SCHOOL SSC,,REGULAR,19103,268375,2059,UPI INTENT
17305,T******* D** C******,90****6332,6750,6750.0,2026-03-08 01:47:54,09-Mar-2026 00:00:00,TRANSACTION IS SUCCESSFUL,OK,PREKGUKG,six thousand seven hundred fifty,********6600,SALESIAN EDUCATION SOCIETY,753702,1234,11000352997807,1772914641,606782833518.0,INR,sale,ICICI UPI QR,RS,SIBL0000899,MERCHANT,UPI,k*************@gmail.com,5.0,0.9,0,0,5.9,KOTAK SALESIAN SCHOOL MANAGEMENT ACCOUNT,,REGULAR,20014,265025,2047,UPI INTENT
16492,A****** A****** M*********,99****6244,8050,8050.0,2026-03-08 21:46:07,09-Mar-2026 00:00:00,TRANSACTION IS SUCCESSFUL,OK,lVl,eight thousand fifty,********6600,SALESIAN EDUCATION SOCIETY,753702,1234,11000353087167,1772986501,880447423383.0,INR,sale,ICICI UPI QR,RS,SIBL0000899,MERCHANT,UPI,k*************@gmail.com,5.0,0.9,0,0,5.9,KOTAK SALESIAN PRIMARY SCHOOL,,REGULAR,18659,265664,2049,UPI INTENT
16492,A****** A****** M*********,99****6244,8050,8050.0,2026-03-08 23:02:43,09-Mar-2026 00:00:00,TRANSACTION IS SUCCESSFUL,OK,lVl,eight thousand fifty,********6600,SALESIAN EDUCATION SOCIETY,753702,1234,11000353092917,1772991149,215590265908.0,INR,sale,ICICI UPI QR,RS,SIBL0000899,MERCHANT,UPI,k*************@gmail.com,5.0,0.9,0,0,5.9,KOTAK SALESIAN PRIMARY SCHOOL,,REGULAR,18659,267314,2057,UPI INTENT
16966,G******* J***** A***** A******,82****6967,6750,6750.0,2026-03-09 08:59:35,10-Mar-2026 00:00:00,TRANSACTION IS SUCCESSFUL,OK,PREKGUKG,six thousand seven hundred fifty,********6600,SALESIAN EDUCATION SOCIETY,753702,1234,11000353120075,1773026950,979389190536.0,INR,sale,ICICI UPI QR,RS,SIBL0000899,MERCHANT,UPI,k*************@gmail.com,5.0,0.9,0,0,5.9,KOTAK SALESIAN SCHOOL MANAGEMENT ACCOUNT,,REGULAR,18059,265128,2047,UPI INTENT
16211,P******* J*******,95****0840,8350,8350.0,2026-03-09 14:14:36,10-Mar-2026 00:00:00,TRANSACTION IS SUCCESSFUL,OK,lVl,eight thousand three hundred fifty,********6600,SALESIAN EDUCATION SOCIETY,753702,1234,11000353205860,1773045863,618827188164.0,INR,sale,ICICI UPI QR,RS,SIBL0000899,MERCHANT,UPI,k*************@gmail.com,5.0,0.9,0,0,5.9,KOTAK SALESIAN PRIMARY SCHOOL,,REGULAR,18814,267504,2058,UPI INTENT
15234,M****** P*****,99****3424,8650,8650.0,2026-03-10 10:15:53,,TRANSACTION IS SUCCESSFUL,OK,Vll,eight thousand six hundred fifty,********6600,SALESIAN EDUCATION SOCIETY,753702,1234,11000353339581,1773117932,596296145743.0,INR,sale,ICICI UPI QR,RNS,SIBL0000899,MERCHANT,UPI,k*************@gmail.com,5.0,0.9,0,0,5.9,KOTAK SALESIAN HIGH SCHOOL SSC,,REGULAR,18995,268433,2059,UPI INTENT
16710,B********** H*********,98****7129,7750,7750.0,2026-03-10 19:27:52,11-Mar-2026 00:00:00,TRANSACTION IS SUCCESSFUL,OK,lVl,seven thousand seven hundred fifty,********6600,SALESIAN EDUCATION SOCIETY,753702,1234,11000353447479,1773151065,918003035791.0,INR,sale,ICICI UPI QR,RS,SIBL0000899,MERCHANT,UPI,k*************@gmail.com,5.0,0.9,0,0,5.9,KOTAK SALESIAN PRIMARY SCHOOL,,REGULAR,18184,266804,2056,UPI INTENT
15544,B********** J** A******** S**** S*****,98****7129,8350,8350.0,2026-03-10 19:25:22,11-Mar-2026 00:00:00,TRANSACTION IS SUCCESSFUL,OK,lVl,eight thousand three hundred fifty,********6600,SALESIAN EDUCATION SOCIETY,753702,1234,11000353448162,1773150910,178077962511.0,INR,sale,ICICI UPI QR,RS,SIBL0000899,MERCHANT,UPI,k*************@gmail.com,5.0,0.9,0,0,5.9,KOTAK SALESIAN PRIMARY SCHOOL,,REGULAR,18968,267601,2058,UPI INTENT
15009,G******* G**********,93****3464,8650,8650.0,2026-03-10 19:41:12,,TRANSACTION IS SUCCESSFUL,OK,Vll,eight thousand six hundred fifty,********6600,SALESIAN EDUCATION SOCIETY,753702,1234,11000353449523,1773151862,175290481857.0,INR,sale,ICICI UPI QR,RNS,SIBL0000899,MERCHANT,UPI,k*************@gmail.com,5.0,0.9,0,0,5.9,KOTAK SALESIAN HIGH SCHOOL SSC,,REGULAR,19026,268346,2059,UPI INTENT
15824,G******* R***** N******,93****3464,8050,8050.0,2026-03-10 19:41:50,11-Mar-2026 00:00:00,TRANSACTION IS SUCCESSFUL,OK,lVl,eight thousand fifty,********6600,SALESIAN EDUCATION SOCIETY,753702,1234,11000353449577,1773151901,491365461344.0,INR,sale,ICICI UPI QR,RS,SIBL0000899,MERCHANT,UPI,k*************@gmail.com,5.0,0.9,0,0,5.9,KOTAK SALESIAN PRIMARY SCHOOL,,REGULAR,18667,267322,2057,UPI INTENT
16885,J**** C*****,81****3759,7750,7750.0,2026-03-13 09:44:17,16-Mar-2026 00:00:00,TRANSACTION IS SUCCESS,OK,lVl,seven thousand seven hundred fifty,********6600,SALESIAN EDUCATION SOCIETY,753702,1234,11000353846215,1773374772,69448885379.0,INR,sale,ICICI UPI QR,RS,SIBL0000899,MERCHANT,QR_UPI,k*************@gmail.com,5.0,0.9,0,0,5.9,KOTAK SALESIAN PRIMARY SCHOOL,,REGULAR,18185,266808,2056,PG QR
17215,S********** S*****,95****8421,6750,6750.0,2026-03-16 12:36:15,17-Mar-2026 00:00:00,TRANSACTION IS SUCCESSFUL,OK,PREKGUKG,six thousand seven hundred fifty,********6600,SALESIAN EDUCATION SOCIETY,753702,1234,11000354251494,1773644702,775940371339.0,INR,sale,ICICI UPI QR,RS,SIBL0000899,MERCHANT,UPI,k*************@gmail.com,5.0,0.9,0,0,5.9,KOTAK SALESIAN SCHOOL MANAGEMENT ACCOUNT,,REGULAR,19928,266698,2055,UPI INTENT
16496,M*********** H******,95****0014,11350,11350.0,2026-03-17 08:44:41,,TRANSACTION IS SUCCESSFUL,OK,VlllX,eleven thousand three hundred fifty,********6600,SALESIAN EDUCATION SOCIETY,753702,1234,11000354365594,1773717239,465060849781.0,INR,sale,ICICI UPI QR,RNS,SIBL0000899,MERCHANT,UPI,k*************@gmail.com,5.0,0.9,0,0,5.9,KOTAK SALESIAN SECONDARY SCHOOL ICSE,,REGULAR,19380,266406,2053,UPI INTENT
15945,L******* L***** P******,88****3949,16700,16700.0,2026-03-17 10:52:12,18-Mar-2026 18:00:00,TRANSACTION IS SUCCESSFUL,OK,lVl,sixteen thousand seven hundred,********6600,SALESIAN EDUCATION SOCIETY,753702,1234,11000354387853,1773724912,746680379811.0,INR,sale,ICICI UPI QR,RS,SIBL0000899,MERCHANT,UPI,k*************@gmail.com,5.0,0.9,0,0,5.9,KOTAK SALESIAN PRIMARY SCHOOL,,REGULAR,18833,"265928,267578","2050,2058",UPI INTENT
17201,D***** G**** R*****,94****2534,7750,7750.0,2026-03-17 13:09:07,18-Mar-2026 18:00:00,TRANSACTION IS SUCCESSFUL,OK,lVl,seven thousand seven hundred fifty,********6600,SALESIAN EDUCATION SOCIETY,753702,1234,11000354419936,1773733117,313163971601.0,INR,sale,ICICI UPI QR,RS,SIBL0000899,MERCHANT,UPI,k*************@gmail.com,5.0,0.9,0,0,5.9,KOTAK SALESIAN PRIMARY SCHOOL,,REGULAR,19915,266872,2056,UPI INTENT
16067,M******* A****,98****9010,10750,10750.0,2026-03-18 04:59:04,,TRANSACTION IS SUCCESSFUL,OK,VlllX,ten thousand seven hundred fifty,********6600,SALESIAN EDUCATION SOCIETY,753702,1234,11000354514309,1773789986,607716423265.0,INR,sale,ICICI UPI QR,RNS,SIBL0000899,MERCHANT,UPI,k*************@gmail.com,5.0,0.9,0,0,5.9,KOTAK SALESIAN SECONDARY SCHOOL ICSE,,REGULAR,19319,268635,2062,UPI INTENT
16056,G******** A********,63****9147,8650,8650.0,2026-03-21 10:15:32,,SUCCESS,OK,Vll,eight thousand six hundred fifty,********6600,SALESIAN EDUCATION SOCIETY,753702,1234,11000354923104,1774067934,1.012026080658317e+17,INR,sale,BANK OF BARODA FSS,RNS,SIBL0000899,MERCHANT,DC,k*************@gmail.com,5.0,0.9,0,0,5.9,KOTAK SALESIAN HIGH SCHOOL SSC,,REGULAR,19023,268408,2059,
17316,S****** J******,73****3690,7750,7750.0,2026-03-24 09:13:18,25-Mar-2026 17:30:57,TRANSACTION IS SUCCESSFUL,OK,lVl,seven thousand seven hundred fifty,********6600,SALESIAN EDUCATION SOCIETY,753702,1234,11000355295020,1774323693,21770993839.0,INR,sale,ICICI UPI QR,RS,SIBL0000899,MERCHANT,UPI,k*************@gmail.com,5.0,0.9,0,0,5.9,KOTAK SALESIAN PRIMARY SCHOOL,,REGULAR,20024,266903,2056,UPI INTENT
15533,S**** F******,96****9329,8350,8350.0,2026-03-24 09:45:12,25-Mar-2026 17:30:57,TRANSACTION IS SUCCESSFUL,OK,lVl,eight thousand three hundred fifty,********6600,SALESIAN EDUCATION SOCIETY,753702,1234,11000355302248,1774325618,608344330401.0,INR,sale,ICICI UPI QR,RS,SIBL0000899,MERCHANT,UPI,k*************@gmail.com,5.0,0.9,0,0,5.9,KOTAK SALESIAN PRIMARY SCHOOL,,REGULAR,18907,267613,2058,UPI INTENT
14888,S**** G***** N*****,72****9584,10750,10750.0,2026-03-24 10:17:44,,TRANSACTION IS SUCCESSFUL,OK,VlllX,ten thousand seven hundred fifty,********6600,SALESIAN EDUCATION SOCIETY,753702,1234,11000355309136,1774327651,608365505153.0,INR,sale,ICICI UPI QR,RNS,SIBL0000899,MERCHANT,UPI,k*************@gmail.com,5.0,0.9,0,0,5.9,KOTAK SALESIAN SECONDARY SCHOOL ICSE,,REGULAR,19200,268605,2062,UPI INTENT
16795,M******* A**** S******,87****5241,8050,8050.0,2026-03-24 10:53:35,25-Mar-2026 17:30:57,TRANSACTION IS SUCCESSFUL,OK,lVl,eight thousand fifty,********6600,SALESIAN EDUCATION SOCIETY,753702,1234,11000355317590,1774329724,651577243772.0,INR,sale,ICICI UPI QR,RS,SIBL0000899,MERCHANT,UPI,k*************@gmail.com,5.0,0.9,0,0,5.9,KOTAK SALESIAN PRIMARY SCHOOL,,REGULAR,18523,267272,2057,UPI INTENT
14152,G**** Y*****,77****7970,11350,11350.0,2026-03-24 23:30:08,,TRANSACTION IS SUCCESSFUL,OK,VlllX,eleven thousand three hundred fifty,********6600,SALESIAN EDUCATION SOCIETY,753702,1234,11000355439978,1774375134,588976324936.0,INR,sale,ICICI UPI QR,RNS,SIBL0000899,MERCHANT,UPI,k*************@gmail.com,5.0,0.9,0,0,5.9,KOTAK SALESIAN SECONDARY SCHOOL ICSE,,REGULAR,19353,268038,2061,UPI INTENT
17337,V******* R***** V*****,96****2924,6750,6750.0,2026-03-26 09:40:00,27-Mar-2026 17:50:52,TRANSACTION IS SUCCESSFUL,OK,PREKGUKG,six thousand seven hundred fifty,********6600,SALESIAN EDUCATION SOCIETY,753702,1234,11000355626168,1774498143,589542582308.0,INR,sale,ICICI UPI QR,RS,SIBL0000899,MERCHANT,UPI,k*************@gmail.com,5.0,0.9,0,0,5.9,KOTAK SALESIAN SCHOOL MANAGEMENT ACCOUNT,,REGULAR,20052,265102,2047,UPI INTENT
17268,S**** R*****,99****9798,8050,8050.0,2026-03-26 12:09:28,27-Mar-2026 17:50:52,TRANSACTION IS SUCCESSFUL,OK,lVl,eight thousand fifty,********6600,SALESIAN EDUCATION SOCIETY,753702,1234,11000355648944,1774507122,38653151868.0,INR,sale,ICICI UPI QR,RS,SIBL0000899,MERCHANT,UPI,k*************@gmail.com,5.0,0.9,0,0,5.9,KOTAK SALESIAN PRIMARY SCHOOL,,REGULAR,19979,267152,2057,UPI INTENT
16063,P****** D****,81****4658,8050,8050.0,2026-03-26 12:40:42,27-Mar-2026 17:50:52,TRANSACTION IS SUCCESSFUL,OK,lVl,eight thousand fifty,********6600,SALESIAN EDUCATION SOCIETY,753702,1234,11000355656009,1774509019,33120254943.0,INR,sale,ICICI UPI QR,RS,SIBL0000899,MERCHANT,UPI,k*************@gmail.com,5.0,0.9,0,0,5.9,KOTAK SALESIAN PRIMARY SCHOOL,,REGULAR,18666,267358,2057,UPI INTENT
17187,C****** V********,88****8971,6750,6750.0,2026-04-07 11:56:52,08-Apr-2026 17:44:13,TRANSACTION IS SUCCESSFUL,OK,PREKGUKG,six thousand seven hundred fifty,********6600,SALESIAN EDUCATION SOCIETY,753702,1234,11000357637359,1775543193,115726878456.0,INR,sale,ICICI UPI QR,RS,SIBL0000899,MERCHANT,UPI,k*************@gmail.com,5.0,0.9,0,0,5.9,KOTAK SALESIAN SCHOOL MANAGEMENT ACCOUNT,,REGULAR,19901,266636,2055,UPI INTENT
17305,T******* D** C******,90****6332,6750,6750.0,2026-04-13 04:03:55,15-Apr-2026 18:56:59,TRANSACTION IS SUCCESSFUL,OK,PREKGUKG,six thousand seven hundred fifty,********6600,SALESIAN EDUCATION SOCIETY,753702,1234,11000358726442,1776032165,610345470155.0,INR,sale,ICICI UPI QR,RS,SIBL0000899,MERCHANT,UPI,k*************@gmail.com,5.0,0.9,0,0,5.9,KOTAK SALESIAN SCHOOL MANAGEMENT ACCOUNT,,REGULAR,20014,266675,2055,UPI INTENT
14449,M****** R** M***,70****8467,11350,11350.0,2026-05-18 10:35:33,,TRANSACTION IS SUCCESSFUL,OK,VlllX,eleven thousand three hundred fifty,********6600,SALESIAN EDUCATION SOCIETY,753702,1234,11000364281496,1779080707,942368107439.0,INR,sale,ICICI UPI QR,RNS,SIBL0000899,MERCHANT,UPI,k*************@gmail.com,5.0,0.9,0,0,5.9,KOTAK SALESIAN SECONDARY SCHOOL ICSE,,REGULAR,19545,268237,2061,UPI INTENT
14569,P***** R******** V****** S**,99****2139,11350,11350.0,2026-05-21 07:02:33,,TRANSACTION IS SUCCESSFUL,OK,VlllX,eleven thousand three hundred fifty,********6600,SALESIAN EDUCATION SOCIETY,753702,1234,11000364668065,1779327111,522315152692.0,INR,sale,ICICI UPI QR,RNS,SIBL0000899,MERCHANT,UPI,k*************@gmail.com,5.0,0.9,0,0,5.9,KOTAK SALESIAN SECONDARY SCHOOL ICSE,,REGULAR,19505,268258,2061,UPI INTENT
17061,P**** H********* N****,97****1097,10750,10750.0,2026-05-22 23:08:32,,TRANSACTION IS SUCCESSFUL,OK,VlllX,ten thousand seven hundred fifty,********6600,SALESIAN EDUCATION SOCIETY,753702,1234,11000364914421,1779471487,216518110197.0,INR,sale,ICICI UPI QR,RNS,SIBL0000899,MERCHANT,UPI,k*************@gmail.com,5.0,0.9,0,0,5.9,KOTAK SALESIAN SECONDARY SCHOOL ICSE,,REGULAR,19153,268588,2062,UPI INTENT
