sno,admno,payment_id,account,status,term_amount,created,settled,refund_on,receipt_no,recieved_amount,date_added,difference
1,17113,11000313522936,lVl,captured,7750.0,30/10/2025,31/10/2025,01/01/1970,09148,7750.00,30/10/2025,Adm No Not Match
2,17187,11000313645920,PREKGUKG,captured,6750.0,31/10/2025,01/11/2025,01/01/1970,09150,6750.00,31/10/2025,Adm No Not Match
3,17260,11000313779393,lVl,captured,8850.0,31/10/2025,01/11/2025,01/01/1970,09152,8850.00,31/10/2025,Adm No Not Match
4,16937,11000313736540,lVl,lateUpdate,8250.0,31/10/2025,01/11/2025,01/01/1970,09235,8250.00,04/11/2025,Adm No Not Match
5,17259,11000313779340,lVl,captured,500.0,31/10/2025,01/11/2025,01/01/1970,09151,11250.00,31/10/2025,Adm No Not Match
6,17259,11000313779340,VlllX,captured,10750.0,31/10/2025,01/11/2025,01/01/1970,09151,11250.00,31/10/2025,Adm No Not Match
7,16641,11000313935521,lVl,captured,8250.0,01/11/2025,03/11/2025,01/01/1970,09169,8250.00,01/11/2025,Adm No Not Match
8,16262,11000313935621,lVl,captured,8550.0,01/11/2025,03/11/2025,01/01/1970,09170,8550.00,01/11/2025,Adm No Not Match
9,16981,11000313938477,lVl,captured,8250.0,01/11/2025,03/11/2025,01/01/1970,09171,8250.00,01/11/2025,Adm No Not Match
10,17283,11000313943507,PREKGUKG,lateUpdate,6750.0,01/11/2025,03/11/2025,01/01/1970,09236,6750.00,04/11/2025,Adm No Not Match
11,15863,11000313842066,lVl,captured,8050.0,01/11/2025,03/11/2025,01/01/1970,09153,8050.00,01/11/2025,Adm No Not Match
12,15544,11000313995786,lVl,captured,8850.0,02/11/2025,03/11/2025,01/01/1970,09173,8850.00,02/11/2025,Adm No Not Match
13,16686,11000314044028,lVl,lateUpdate,8050.0,02/11/2025,03/11/2025,01/01/1970,09237,8050.00,04/11/2025,Adm No Not Match
14,17175,11000314043670,PREKGUKG,lateUpdate,6750.0,02/11/2025,03/11/2025,01/01/1970,09238,6750.00,04/11/2025,Adm No Not Match
15,16710,11000313996665,lVl,captured,8250.0,02/11/2025,03/11/2025,01/01/1970,09172,8250.00,02/11/2025,Adm No Not Match
16,17105,11000314169121,PREKGUKG,captured,6750.0,03/11/2025,04/11/2025,01/01/1970,09174,6750.00,03/11/2025,Adm No Not Match
17,17264,11000314194327,lVl,captured,500.0,03/11/2025,04/11/2025,01/01/1970,09200,500.00,03/11/2025,Adm No Not Match
18,17264,11000314192800,lVl,captured,7750.0,03/11/2025,04/11/2025,01/01/1970,09195,7750.00,03/11/2025,Adm No Not Match
19,15539,11000314184250,lVl,captured,8350.0,03/11/2025,04/11/2025,01/01/1970,09187,8350.00,03/11/2025,Adm No Not Match
20,17210,11000314371032,PREKGUKG,captured,6750.0,04/11/2025,06/11/2025,01/01/1970,09205,6750.00,04/11/2025,Adm No Not Match
21,16885,11000314620667,lVl,lateUpdate,16000.0,05/11/2025,06/11/2025,01/01/1970,09333,16000.00,07/11/2025,Adm No Not Match
22,17264,11000314506510,lVl,captured,7750.0,04/11/2025,06/11/2025,01/01/1970,09218,7750.00,04/11/2025,Adm No Not Match
23,17188,11000314605606,lVl,captured,8250.0,04/11/2025,06/11/2025,01/01/1970,09239,8250.00,04/11/2025,Adm No Not Match
24,16868,11000314457730,lVl,lateUpdate,8550.0,04/11/2025,06/11/2025,01/01/1970,09335,8550.00,07/11/2025,Adm No Not Match
25,14546,11000314404943,lVl,lateUpdate,500.0,04/11/2025,06/11/2025,01/01/1970,09338,11350.00,07/11/2025,Adm No Not Match
26,14546,11000314404943,VlllX,lateUpdate,11350.0,04/11/2025,06/11/2025,01/01/1970,09338,11350.00,07/11/2025,Adm No Not Match
27,16895,11000314458205,lVl,captured,500.0,04/11/2025,06/11/2025,01/01/1970,09206,9150.00,04/11/2025,Adm No Not Match
28,16895,11000314458205,Vll,captured,8650.0,04/11/2025,06/11/2025,01/01/1970,09206,9150.00,04/11/2025,Adm No Not Match
29,17163,11000314978042,PREKGUKG,captured,6750.0,06/11/2025,07/11/2025,01/01/1970,09305,6750.00,06/11/2025,Adm No Not Match
30,16974,11000314846264,lVl,captured,8250.0,06/11/2025,07/11/2025,01/01/1970,09266,8250.00,06/11/2025,Adm No Not Match
31,17229,11000314879817,lVl,captured,8350.0,06/11/2025,07/11/2025,01/01/1970,09344,8350.00,06/11/2025,Adm No Not Match
32,17278,11000315150336,PREKGUKG,captured,6750.0,07/11/2025,10/11/2025,01/01/1970,09306,6750.00,07/11/2025,Adm No Not Match
33,16104,11000315754150,lVl,lateUpdate,8350.0,10/11/2025,11/11/2025,01/01/1970,09417,8350.00,12/11/2025,Adm No Not Match
34,17315,11000316067938,PREKGUKG,captured,6750.0,11/11/2025,12/11/2025,01/01/1970,09368,6750.00,11/11/2025,Adm No Not Match
35,16927,11000316191666,lVl,captured,7750.0,11/11/2025,12/11/2025,01/01/1970,09397,7750.00,11/11/2025,Adm No Not Match
36,17177,11000316192344,PREKGUKG,captured,6750.0,11/11/2025,12/11/2025,01/01/1970,09396,6750.00,11/11/2025,Adm No Not Match
37,16733,11000316099462,lVl,captured,8350.0,11/11/2025,12/11/2025,01/01/1970,09369,8350.00,11/11/2025,Adm No Not Match
38,16211,11000316293921,lVl,captured,8350.0,12/11/2025,13/11/2025,01/01/1970,09416,8350.00,12/11/2025,Adm No Not Match
39,17337,11000316275259,PREKGUKG,captured,6750.0,12/11/2025,13/11/2025,01/01/1970,09415,6750.00,12/11/2025,Adm No Not Match
40,16648,11000316431279,lVl,captured,7750.0,13/11/2025,14/11/2025,01/01/1970,09418,7750.00,13/11/2025,Adm No Not Match
41,17187,11000316535819,PREKGUKG,captured,6750.0,13/11/2025,14/11/2025,01/01/1970,09464,6750.00,13/11/2025,Adm No Not Match
42,15599,11000316561861,lVl,captured,500.0,13/11/2025,14/11/2025,01/01/1970,09465,11250.00,13/11/2025,Adm No Not Match
43,15599,11000316561861,VlllX,captured,10750.0,13/11/2025,14/11/2025,01/01/1970,09465,11250.00,13/11/2025,Adm No Not Match
44,16036,11000316701281,lVl,captured,8350.0,14/11/2025,15/11/2025,01/01/1970,09524,8350.00,14/11/2025,Adm No Not Match
45,16595,11000316697401,lVl,captured,8550.0,14/11/2025,15/11/2025,01/01/1970,09522,8550.00,14/11/2025,Adm No Not Match
46,16036,11000316700245,lVl,captured,8850.0,14/11/2025,15/11/2025,01/01/1970,09523,8850.00,14/11/2025,Adm No Not Match
47,16795,11000316792543,lVl,lateUpdate,8050.0,15/11/2025,17/11/2025,01/01/1970,09563,8050.00,18/11/2025,Adm No Not Match
48,15541,11000316726912,lVl,captured,8850.0,15/11/2025,17/11/2025,01/01/1970,,,,
49,16020,11000316759740,lVl,captured,8550.0,15/11/2025,17/11/2025,01/01/1970,09526,8550.00,15/11/2025,Adm No Not Match
50,17178,11000316794728,lVl,lateUpdate,7750.0,15/11/2025,17/11/2025,01/01/1970,09564,7750.00,18/11/2025,Adm No Not Match
51,15915,11000316837646,lVl,lateUpdate,8850.0,15/11/2025,17/11/2025,01/01/1970,09565,8850.00,18/11/2025,Adm No Not Match
52,17069,11000317106839,lVl,lateUpdate,8850.0,17/11/2025,18/11/2025,01/01/1970,09617,8850.00,19/11/2025,Adm No Not Match
53,17371,11000317263208,lVl,captured,16700.0,18/11/2025,19/11/2025,01/01/1970,09562,16700.00,18/11/2025,Adm No Not Match
54,15938,11000317317733,lVl,captured,8350.0,18/11/2025,19/11/2025,01/01/1970,09606,8350.00,18/11/2025,Adm No Not Match
55,15855,11000317451362,lVl,captured,8550.0,19/11/2025,20/11/2025,01/01/1970,09665,8550.00,19/11/2025,Adm No Not Match
56,17305,11000317441689,PREKGUKG,lateUpdate,6750.0,19/11/2025,20/11/2025,01/01/1970,09844,6750.00,21/11/2025,Adm No Not Match
57,16507,11000317376987,lVl,captured,8250.0,19/11/2025,20/11/2025,01/01/1970,,,,
58,16754,11000317420497,lVl,captured,8250.0,19/11/2025,20/11/2025,01/01/1970,09663,8250.00,19/11/2025,Adm No Not Match
59,17197,11000317484251,PREKGUKG,lateUpdate,6750.0,19/11/2025,20/11/2025,01/01/1970,09848,6750.00,21/11/2025,Adm No Not Match
60,15595,11000317463739,lVl,captured,500.0,19/11/2025,20/11/2025,01/01/1970,09666,9150.00,19/11/2025,Adm No Not Match
61,15595,11000317463739,Vll,captured,8650.0,19/11/2025,20/11/2025,01/01/1970,09666,9150.00,19/11/2025,Adm No Not Match
62,16617,11000317615031,lVl,lateUpdate,8050.0,20/11/2025,21/11/2025,01/01/1970,09941,8050.00,22/11/2025,Adm No Not Match
63,15795,11000317606868,lVl,lateUpdate,500.0,20/11/2025,21/11/2025,01/01/1970,09942,500.00,22/11/2025,Adm No Not Match
64,16580,11000317589448,lVl,captured,8850.0,20/11/2025,21/11/2025,01/01/1970,09799,8850.00,20/11/2025,Adm No Not Match
65,16983,11000317588170,lVl,lateUpdate,8550.0,20/11/2025,21/11/2025,01/01/1970,09943,8550.00,22/11/2025,Adm No Not Match
66,17277,11000317559740,PREKGUKG,lateUpdate,6750.0,20/11/2025,21/11/2025,01/01/1970,09944,6750.00,22/11/2025,Adm No Not Match
67,17289,11000317511641,lVl,captured,7750.0,20/11/2025,21/11/2025,01/01/1970,09668,7750.00,20/11/2025,Adm No Not Match
68,17290,11000317511572,lVl,captured,8050.0,20/11/2025,21/11/2025,01/01/1970,09667,8050.00,20/11/2025,Adm No Not Match
69,15945,11000317537894,lVl,lateUpdate,8850.0,20/11/2025,21/11/2025,01/01/1970,09945,8850.00,22/11/2025,Adm No Not Match
70,17149,11000317619325,lVl,captured,500.0,20/11/2025,21/11/2025,01/01/1970,09800,9150.00,20/11/2025,Adm No Not Match
71,17149,11000317619325,Vll,captured,8650.0,20/11/2025,21/11/2025,01/01/1970,09800,9150.00,20/11/2025,Adm No Not Match
72,14888,11000317567806,lVl,captured,500.0,20/11/2025,21/11/2025,01/01/1970,09771,11250.00,20/11/2025,Adm No Not Match
73,14888,11000317567806,VlllX,captured,10750.0,20/11/2025,21/11/2025,01/01/1970,09771,11250.00,20/11/2025,Adm No Not Match
74,16492,11000317632962,lVl,lateUpdate,8550.0,21/11/2025,24/11/2025,01/01/1970,09992,8550.00,25/11/2025,Adm No Not Match
75,16721,11000317794411,lVl,captured,8250.0,22/11/2025,24/11/2025,01/01/1970,09948,8250.00,22/11/2025,Adm No Not Match
76,15538,11000317657466,lVl,captured,8850.0,21/11/2025,24/11/2025,01/01/1970,09802,8850.00,21/11/2025,Adm No Not Match
77,16992,11000317719673,lVl,captured,7750.0,21/11/2025,24/11/2025,01/01/1970,09930,7750.00,21/11/2025,Adm No Not Match
78,16353,11000317752087,lVl,captured,8550.0,22/11/2025,24/11/2025,01/01/1970,09935,8550.00,22/11/2025,Adm No Not Match
79,15824,11000317755959,lVl,captured,8550.0,22/11/2025,24/11/2025,01/01/1970,09936,8550.00,22/11/2025,Adm No Not Match
80,17316,11000317759875,lVl,captured,8250.0,22/11/2025,24/11/2025,01/01/1970,09938,8250.00,22/11/2025,Adm No Not Match
81,16598,11000317762419,lVl,captured,8250.0,22/11/2025,24/11/2025,01/01/1970,09939,8250.00,22/11/2025,Adm No Not Match
82,17219,11000317773361,lVl,captured,8250.0,22/11/2025,24/11/2025,01/01/1970,09940,8250.00,22/11/2025,Adm No Not Match
83,17099,11000317789451,PREKGUKG,captured,6750.0,22/11/2025,24/11/2025,01/01/1970,09946,6750.00,22/11/2025,Adm No Not Match
84,17100,11000317789617,lVl,captured,8050.0,22/11/2025,24/11/2025,01/01/1970,09947,8050.00,22/11/2025,Adm No Not Match
85,14873,11000317657543,lVl,captured,500.0,21/11/2025,24/11/2025,01/01/1970,09803,11250.00,21/11/2025,Adm No Not Match
86,14873,11000317657543,VlllX,captured,10750.0,21/11/2025,24/11/2025,01/01/1970,09803,11250.00,21/11/2025,Adm No Not Match
87,15009,11000317756764,lVl,captured,500.0,22/11/2025,24/11/2025,01/01/1970,09937,9150.00,22/11/2025,Adm No Not Match
88,15009,11000317756764,Vll,captured,8650.0,22/11/2025,24/11/2025,01/01/1970,09937,9150.00,22/11/2025,Adm No Not Match
89,14872,11000317759609,lVl,lateUpdate,500.0,22/11/2025,24/11/2025,01/01/1970,09990,11250.00,25/11/2025,Adm No Not Match
90,14872,11000317759609,VlllX,lateUpdate,10750.0,22/11/2025,24/11/2025,01/01/1970,09990,11250.00,25/11/2025,Adm No Not Match
91,14944,11000317774408,lVl,lateUpdate,500.0,22/11/2025,24/11/2025,01/01/1970,09991,11250.00,25/11/2025,Adm No Not Match
92,14944,11000317774408,VlllX,lateUpdate,10750.0,22/11/2025,24/11/2025,01/01/1970,09991,11250.00,25/11/2025,Adm No Not Match
93,15898,11000317644277,lVl,captured,500.0,21/11/2025,24/11/2025,01/01/1970,09801,17800.00,21/11/2025,Adm No Not Match
94,15898,11000317644277,Vll,captured,17300.0,21/11/2025,24/11/2025,01/01/1970,09801,17800.00,21/11/2025,Adm No Not Match
95,17103,11000317919499,PREKGUKG,captured,6750.0,24/11/2025,25/11/2025,01/01/1970,09951,6750.00,24/11/2025,Adm No Not Match
96,16067,11000317934837,lVl,captured,500.0,24/11/2025,25/11/2025,01/01/1970,09952,22000.00,24/11/2025,Adm No Not Match
97,16067,11000317934837,VlllX,captured,21500.0,24/11/2025,25/11/2025,01/01/1970,09952,22000.00,24/11/2025,Adm No Not Match
98,14511,11000317919152,lVl,captured,500.0,24/11/2025,25/11/2025,01/01/1970,09950,11850.00,24/11/2025,Adm No Not Match
99,14511,11000317919152,VlllX,captured,11350.0,24/11/2025,25/11/2025,01/01/1970,09950,11850.00,24/11/2025,Adm No Not Match
100,16555,11000318061560,lVl,lateUpdate,8850.0,25/11/2025,26/11/2025,01/01/1970,10065,8850.00,27/11/2025,Adm No Not Match
101,15863,11000318091639,lVl,lateUpdate,8550.0,25/11/2025,26/11/2025,01/01/1970,10069,8550.00,27/11/2025,Adm No Not Match
102,17295,11000318159831,PREKGUKG,lateUpdate,6750.0,25/11/2025,26/11/2025,01/01/1970,10070,6750.00,27/11/2025,Adm No Not Match
103,16915,11000318681594,PREKGUKG,captured,6750.0,30/11/2025,01/12/2025,01/01/1970,10081,6750.00,30/11/2025,Adm No Not Match
104,17307,11000318907761,lVl,captured,8350.0,02/12/2025,03/12/2025,01/01/1970,10103,8350.00,02/12/2025,Adm No Not Match
105,17201,11000319087080,lVl,captured,7750.0,03/12/2025,04/12/2025,01/01/1970,10151,7750.00,03/12/2025,Adm No Not Match
106,16147,11000319277676,lVl,captured,8350.0,04/12/2025,05/12/2025,01/01/1970,10183,8350.00,04/12/2025,Adm No Not Match
107,15868,11000319686064,lVl,captured,8050.0,07/12/2025,08/12/2025,01/01/1970,10192,8050.00,07/12/2025,Adm No Not Match
108,15762,11000319490500,lVl,captured,8350.0,06/12/2025,08/12/2025,01/01/1970,10191,8350.00,06/12/2025,Adm No Not Match
109,17179,11000319830313,PREKGUKG,captured,6750.0,08/12/2025,09/12/2025,01/01/1970,10193,6750.00,08/12/2025,Adm No Not Match
110,15533,11000319809148,lVl,lateUpdate,8350.0,08/12/2025,09/12/2025,01/01/1970,10209,8350.00,10/12/2025,Adm No Not Match
111,17147,11000340117427,lVl,captured,8050.0,12/12/2025,15/12/2025,01/01/1970,10230,8050.00,12/12/2025,Adm No Not Match
112,17146,11000340117361,PREKGUKG,captured,6750.0,12/12/2025,15/12/2025,01/01/1970,10229,6750.00,12/12/2025,Adm No Not Match
113,17367,11000340278660,PREKGUKG,captured,6750.0,13/12/2025,15/12/2025,01/01/1970,10242,6750.00,13/12/2025,Adm No Not Match
114,17370,11000340161581,lVl,captured,8050.0,12/12/2025,15/12/2025,01/01/1970,10241,8050.00,12/12/2025,Adm No Not Match
115,16797,11000340456018,lVl,captured,8350.0,15/12/2025,16/12/2025,01/01/1970,10244,8350.00,15/12/2025,Adm No Not Match
116,16936,11000340619866,lVl,lateUpdate,7750.0,16/12/2025,17/12/2025,01/01/1970,10283,7750.00,18/12/2025,Adm No Not Match
117,16937,11000340813371,lVl,captured,7750.0,17/12/2025,18/12/2025,01/01/1970,10281,7750.00,17/12/2025,Adm No Not Match
118,16914,11000340919232,PREKGUKG,captured,6750.0,18/12/2025,19/12/2025,01/01/1970,10294,6750.00,18/12/2025,Adm No Not Match
119,16552,11000340940536,lVl,captured,8050.0,18/12/2025,19/12/2025,01/01/1970,10295,8050.00,18/12/2025,Adm No Not Match
120,17188,11000342307101,lVl,captured,7750.0,31/12/2025,01/01/2026,01/01/1970,10341,7750.00,31/12/2025,Adm No Not Match
121,16104,11000342315290,lVl,lateUpdate,8350.0,31/12/2025,01/01/2026,01/01/1970,10344,8350.00,02/01/2026,Adm No Not Match
122,15824,11000342204411,lVl,captured,8050.0,31/12/2025,01/01/2026,01/01/1970,10340,8050.00,31/12/2025,Adm No Not Match
123,16974,11000342341005,lVl,captured,7750.0,01/01/2026,02/01/2026,01/01/1970,10342,7750.00,01/01/2026,Adm No Not Match
124,17219,11000342354253,lVl,captured,7750.0,01/01/2026,02/01/2026,01/01/1970,10343,7750.00,01/01/2026,Adm No Not Match
125,17211,11000342590128,lVl,captured,7750.0,02/01/2026,03/01/2026,01/01/1970,10365,7750.00,02/01/2026,Adm No Not Match
126,17211,11000342590071,lVl,captured,7750.0,02/01/2026,03/01/2026,01/01/1970,10364,7750.00,02/01/2026,Adm No Not Match
127,17358,11000342680749,lVl,lateUpdate,7750.0,03/01/2026,05/01/2026,01/01/1970,10414,7750.00,06/01/2026,Adm No Not Match
128,16507,11000343525514,lVl,captured,15500.0,07/01/2026,08/01/2026,01/01/1970,,,,
129,17277,11000344283491,PREKGUKG,captured,6750.0,10/01/2026,12/01/2026,01/01/1970,10514,6750.00,10/01/2026,Adm No Not Match
130,17264,11000344353254,lVl,captured,7750.0,10/01/2026,12/01/2026,01/01/1970,10516,7750.00,10/01/2026,Adm No Not Match
131,17264,11000344351903,lVl,captured,7750.0,10/01/2026,12/01/2026,01/01/1970,10515,7750.00,10/01/2026,Adm No Not Match
132,17175,11000345867589,PREKGUKG,captured,6750.0,19/01/2026,20/01/2026,01/01/1970,10519,6750.00,19/01/2026,Adm No Not Match
133,17316,11000345916088,lVl,captured,7750.0,19/01/2026,20/01/2026,01/01/1970,10520,7750.00,19/01/2026,Adm No Not Match
134,16686,11000345867539,lVl,captured,8050.0,19/01/2026,20/01/2026,01/01/1970,10518,8050.00,19/01/2026,Adm No Not Match
135,16555,11000346395565,lVl,lateUpdate,8350.0,20/01/2026,21/01/2026,01/01/1970,10654,8350.00,22/01/2026,Adm No Not Match
136,17268,11000346525369,lVl,captured,8050.0,21/01/2026,22/01/2026,01/01/1970,10616,8050.00,21/01/2026,Adm No Not Match
137,15618,11000346674063,lVl,lateUpdate,8350.0,22/01/2026,23/01/2026,01/01/1970,10828,8350.00,27/01/2026,Adm No Not Match
138,16617,11000346806094,lVl,captured,8050.0,22/01/2026,23/01/2026,01/01/1970,10688,8050.00,22/01/2026,Adm No Not Match
139,17163,11000347140427,PREKGUKG,captured,6750.0,25/01/2026,27/01/2026,01/01/1970,10820,6750.00,25/01/2026,Adm No Not Match
140,17164,11000347183204,PREKGUKG,captured,6750.0,26/01/2026,27/01/2026,01/01/1970,10822,6750.00,26/01/2026,Adm No Not Match
141,17178,11000347038757,lVl,lateUpdate,7750.0,24/01/2026,27/01/2026,01/01/1970,10831,7750.00,28/01/2026,Adm No Not Match
142,16955,11000346988908,lVl,lateUpdate,7750.0,24/01/2026,27/01/2026,01/01/1970,10832,7750.00,28/01/2026,Adm No Not Match
143,15539,11000346831268,lVl,captured,8350.0,23/01/2026,27/01/2026,01/01/1970,10689,8350.00,23/01/2026,Adm No Not Match
144,17270,11000346844834,lVl,captured,7750.0,23/01/2026,27/01/2026,01/01/1970,10690,7750.00,23/01/2026,Adm No Not Match
145,16648,11000346846448,lVl,captured,7750.0,23/01/2026,27/01/2026,01/01/1970,10691,7750.00,23/01/2026,Adm No Not Match
146,15319,11000347191159,lVl,lateUpdate,900.0,26/01/2026,27/01/2026,01/01/1970,10833,41950.00,28/01/2026,Adm No Not Match
147,15319,11000347191159,VlllX,lateUpdate,41050.0,26/01/2026,27/01/2026,01/01/1970,10833,41950.00,28/01/2026,Adm No Not Match
148,15457,11000347191020,lVl,lateUpdate,400.0,26/01/2026,27/01/2026,01/01/1970,10834,43100.00,28/01/2026,Adm No Not Match
149,15457,11000347191020,VlllX,lateUpdate,42700.0,26/01/2026,27/01/2026,01/01/1970,10834,43100.00,28/01/2026,Adm No Not Match
150,17069,11000347375496,lVl,lateUpdate,8350.0,27/01/2026,28/01/2026,01/01/1970,10841,8350.00,29/01/2026,Adm No Not Match
151,15823,11000347342741,lVl,lateUpdate,8350.0,27/01/2026,28/01/2026,01/01/1970,10842,8350.00,29/01/2026,Adm No Not Match
152,16721,11000347341033,lVl,lateUpdate,7750.0,27/01/2026,28/01/2026,01/01/1970,10843,7750.00,29/01/2026,Adm No Not Match
153,16307,11000347300849,lVl,captured,8050.0,27/01/2026,28/01/2026,01/01/1970,10826,8050.00,27/01/2026,Adm No Not Match
154,17197,11000347530516,PREKGUKG,captured,6750.0,28/01/2026,29/01/2026,01/01/1970,10835,6750.00,28/01/2026,Adm No Not Match
155,16148,11000347665261,lVl,captured,24650.0,29/01/2026,30/01/2026,01/01/1970,10839,24650.00,29/01/2026,Adm No Not Match
156,16147,11000347667143,lVl,captured,8350.0,29/01/2026,30/01/2026,01/01/1970,10840,8350.00,29/01/2026,Adm No Not Match
157,15938,11000347619670,lVl,captured,8350.0,29/01/2026,30/01/2026,01/01/1970,10837,8350.00,29/01/2026,Adm No Not Match
158,17210,11000347735867,PREKGUKG,lateUpdate,6750.0,29/01/2026,30/01/2026,01/01/1970,10976,6750.00,02/02/2026,Adm No Not Match
159,17370,11000347805222,lVl,captured,8050.0,30/01/2026,31/01/2026,01/01/1970,10927,8050.00,30/01/2026,Adm No Not Match
160,17295,11000348002801,PREKGUKG,captured,6750.0,31/01/2026,02/02/2026,01/01/1970,10970,6750.00,31/01/2026,Adm No Not Match
161,16975,11000348058030,lVl,captured,8350.0,31/01/2026,02/02/2026,01/01/1970,,,,
162,16937,11000347994515,lVl,captured,7750.0,31/01/2026,02/02/2026,01/01/1970,10968,7750.00,31/01/2026,Adm No Not Match
163,15610,11000348075456,lVl,lateUpdate,17200.0,31/01/2026,02/02/2026,01/01/1970,11043,17200.00,04/02/2026,Adm No Not Match
164,17299,11000348084444,PREKGUKG,lateUpdate,6750.0,31/01/2026,02/02/2026,01/01/1970,11044,6750.00,04/02/2026,Adm No Not Match
165,17203,11000348058210,lVl,captured,8050.0,31/01/2026,02/02/2026,01/01/1970,,,,
166,17103,11000348272865,PREKGUKG,captured,6750.0,02/02/2026,03/02/2026,01/01/1970,10975,6750.00,02/02/2026,Adm No Not Match
167,16983,11000348300433,lVl,captured,8050.0,02/02/2026,03/02/2026,01/01/1970,10978,8050.00,02/02/2026,Adm No Not Match
168,16046,11000348365273,lVl,captured,8350.0,02/02/2026,03/02/2026,01/01/1970,10997,8350.00,02/02/2026,Adm No Not Match
169,16981,11000348327327,lVl,captured,15500.0,02/02/2026,03/02/2026,01/01/1970,10996,15500.00,02/02/2026,Adm No Not Match
170,16983,11000348327211,lVl,captured,8050.0,02/02/2026,03/02/2026,01/01/1970,10995,8050.00,02/02/2026,Adm No Not Match
171,17278,11000348296762,PREKGUKG,captured,6750.0,02/02/2026,03/02/2026,01/01/1970,10977,6750.00,02/02/2026,Adm No Not Match
172,16992,11000348551835,lVl,lateUpdate,7750.0,03/02/2026,04/02/2026,01/01/1970,11106,7750.00,05/02/2026,Adm No Not Match
173,15541,11000348724700,lVl,captured,8350.0,04/02/2026,05/02/2026,01/01/1970,11078,8350.00,04/02/2026,Adm No Not Match
174,17069,11000348596178,lVl,captured,8350.0,04/02/2026,05/02/2026,01/01/1970,,,,
175,17307,11000348575099,lVl,captured,8350.0,04/02/2026,05/02/2026,01/01/1970,11040,8350.00,04/02/2026,Adm No Not Match
176,16400,11000348990079,lVl,captured,8050.0,06/02/2026,07/02/2026,01/01/1970,11138,8050.00,06/02/2026,Adm No Not Match
177,16342,11000349199255,lVl,captured,7750.0,08/02/2026,09/02/2026,01/01/1970,11140,7750.00,08/02/2026,Adm No Not Match
178,15762,11000349086368,lVl,lateUpdate,8350.0,07/02/2026,09/02/2026,01/01/1970,11182,8350.00,10/02/2026,Adm No Not Match
179,17229,11000349188445,lVl,captured,8350.0,08/02/2026,09/02/2026,01/01/1970,11139,8350.00,08/02/2026,Adm No Not Match
180,16167,11000349433264,lVl,captured,8350.0,10/02/2026,11/02/2026,01/01/1970,11181,8350.00,10/02/2026,Adm No Not Match
181,16353,11000349550616,lVl,captured,8050.0,10/02/2026,11/02/2026,01/01/1970,11217,8050.00,10/02/2026,Adm No Not Match
182,17260,11000349611971,lVl,captured,16700.0,11/02/2026,12/02/2026,01/01/1970,11218,16700.00,11/02/2026,Adm No Not Match
183,17367,11000349945161,PREKGUKG,captured,6750.0,13/02/2026,16/02/2026,01/01/1970,11273,6750.00,13/02/2026,Adm No Not Match
184,15618,11000350731551,lVl,lateUpdate,8350.0,18/02/2026,20/02/2026,01/01/1970,11407,8350.00,23/02/2026,Adm No Not Match
185,17188,11000351187164,lVl,captured,7750.0,22/02/2026,23/02/2026,01/01/1970,11386,7750.00,22/02/2026,Adm No Not Match
186,16552,11000351228098,lVl,captured,8050.0,22/02/2026,23/02/2026,01/01/1970,11388,8050.00,22/02/2026,Adm No Not Match
187,17100,11000351454113,lVl,captured,8050.0,24/02/2026,25/02/2026,01/01/1970,11471,8050.00,24/02/2026,Adm No Not Match
188,17099,11000351453145,PREKGUKG,captured,6750.0,24/02/2026,25/02/2026,01/01/1970,11470,6750.00,24/02/2026,Adm No Not Match
189,17179,11000351479569,PREKGUKG,captured,6750.0,24/02/2026,25/02/2026,01/01/1970,11472,6750.00,24/02/2026,Adm No Not Match
190,16120,11000351595092,lVl,captured,25550.0,25/02/2026,26/02/2026,01/01/1970,11556,25550.00,25/02/2026,Adm No Not Match
191,16977,11000351694708,PREKGUKG,captured,6750.0,26/02/2026,27/02/2026,01/01/1970,11501,6750.00,26/02/2026,Adm No Not Match
192,17105,11000351725842,PREKGUKG,captured,6750.0,26/02/2026,27/02/2026,01/01/1970,11502,6750.00,26/02/2026,Adm No Not Match
193,16914,11000351942212,PREKGUKG,captured,6750.0,28/02/2026,02/03/2026,01/01/1970,11563,6750.00,28/02/2026,Adm No Not Match
194,16020,11000351927021,lVl,captured,8050.0,28/02/2026,02/03/2026,01/01/1970,11562,8050.00,28/02/2026,Adm No Not Match
195,17219,11000351864684,lVl,captured,7750.0,27/02/2026,02/03/2026,01/01/1970,11557,7750.00,27/02/2026,Adm No Not Match
196,16797,11000351909240,lVl,captured,8350.0,28/02/2026,02/03/2026,01/01/1970,11558,8350.00,28/02/2026,Adm No Not Match
197,15863,11000351953158,lVl,captured,16100.0,28/02/2026,02/03/2026,01/01/1970,11564,16100.00,28/02/2026,Adm No Not Match
198,16036,11000351925096,lVl,captured,8350.0,28/02/2026,02/03/2026,01/01/1970,11560,8350.00,28/02/2026,Adm No Not Match
199,16020,11000351924775,lVl,captured,8050.0,28/02/2026,02/03/2026,01/01/1970,11561,8050.00,28/02/2026,Adm No Not Match
200,17358,11000352070361,lVl,captured,7750.0,01/03/2026,02/03/2026,01/01/1970,11565,7750.00,01/03/2026,Adm No Not Match
201,16927,11000352134464,lVl,captured,7750.0,02/03/2026,04/03/2026,01/01/1970,11567,7750.00,02/03/2026,Adm No Not Match
202,17146,11000352172149,PREKGUKG,captured,6750.0,02/03/2026,04/03/2026,01/01/1970,11572,6750.00,02/03/2026,Adm No Not Match
203,17147,11000352171807,lVl,captured,8050.0,02/03/2026,04/03/2026,01/01/1970,11573,8050.00,02/03/2026,Adm No Not Match
204,17177,11000352133780,PREKGUKG,captured,6750.0,02/03/2026,04/03/2026,01/01/1970,11568,6750.00,02/03/2026,Adm No Not Match
205,16974,11000352162203,lVl,captured,7750.0,02/03/2026,04/03/2026,01/01/1970,11571,7750.00,02/03/2026,Adm No Not Match
206,16031,11000352121038,lVl,captured,8350.0,02/03/2026,04/03/2026,01/01/1970,11566,8350.00,02/03/2026,Adm No Not Match
207,16936,11000352453019,lVl,captured,7750.0,04/03/2026,05/03/2026,01/01/1970,11599,7750.00,04/03/2026,Adm No Not Match
208,16580,11000352414090,lVl,captured,8350.0,04/03/2026,05/03/2026,01/01/1970,11598,8350.00,04/03/2026,Adm No Not Match
209,16580,11000352412921,lVl,captured,8350.0,04/03/2026,05/03/2026,01/01/1970,11597,8350.00,04/03/2026,Adm No Not Match
210,16740,11000352452868,lVl,captured,7750.0,04/03/2026,05/03/2026,01/01/1970,11600,7750.00,04/03/2026,Adm No Not Match
211,16721,11000352541449,lVl,captured,7750.0,05/03/2026,06/03/2026,01/01/1970,11713,7750.00,05/03/2026,Adm No Not Match
212,15823,11000352552409,lVl,captured,8350.0,05/03/2026,06/03/2026,01/01/1970,11714,8350.00,05/03/2026,Adm No Not Match
213,15541,11000352631037,lVl,captured,8350.0,05/03/2026,06/03/2026,01/01/1970,11716,8350.00,05/03/2026,Adm No Not Match
214,15536,11000352602879,lVl,captured,8350.0,05/03/2026,06/03/2026,01/01/1970,11715,8350.00,05/03/2026,Adm No Not Match
215,17093,11000352801447,PREKGUKG,captured,6750.0,06/03/2026,07/03/2026,01/01/1970,11894,6750.00,06/03/2026,Adm No Not Match
216,15746,11000352720949,lVl,captured,16700.0,06/03/2026,07/03/2026,01/01/1970,11839,16700.00,06/03/2026,Adm No Not Match
217,16167,11000352802158,lVl,captured,8350.0,06/03/2026,07/03/2026,01/01/1970,11893,8350.00,06/03/2026,Adm No Not Match
218,17103,11000352801097,PREKGUKG,captured,6750.0,06/03/2026,07/03/2026,01/01/1970,11892,6750.00,06/03/2026,Adm No Not Match
219,17163,11000352698044,PREKGUKG,captured,6750.0,06/03/2026,07/03/2026,01/01/1970,11838,6750.00,06/03/2026,Adm No Not Match
220,17305,11000352997807,PREKGUKG,captured,6750.0,08/03/2026,09/03/2026,01/01/1970,12006,6750.00,08/03/2026,Adm No Not Match
221,16492,11000353087167,lVl,captured,8050.0,08/03/2026,09/03/2026,01/01/1970,12007,8050.00,08/03/2026,Adm No Not Match
222,16492,11000353092917,lVl,captured,8050.0,08/03/2026,09/03/2026,01/01/1970,12008,8050.00,08/03/2026,Adm No Not Match
223,17138,11000352872110,lVl,captured,7750.0,07/03/2026,09/03/2026,01/01/1970,11923,7750.00,07/03/2026,Adm No Not Match
224,16043,11000352923458,lVl,captured,8050.0,07/03/2026,09/03/2026,01/01/1970,12082,8050.00,07/03/2026,Adm No Not Match
225,16548,11000352924719,lVl,captured,8350.0,07/03/2026,09/03/2026,01/01/1970,,,,
226,16353,11000352862728,lVl,captured,8050.0,07/03/2026,09/03/2026,01/01/1970,11921,8050.00,07/03/2026,Adm No Not Match
227,17277,11000352866337,PREKGUKG,captured,6750.0,07/03/2026,09/03/2026,01/01/1970,11922,6750.00,07/03/2026,Adm No Not Match
228,17139,11000352872904,lVl,captured,8350.0,07/03/2026,09/03/2026,01/01/1970,11924,8350.00,07/03/2026,Adm No Not Match
229,16966,11000353120075,PREKGUKG,captured,6750.0,09/03/2026,10/03/2026,01/01/1970,12009,6750.00,09/03/2026,Adm No Not Match
230,16211,11000353205860,lVl,captured,8350.0,09/03/2026,10/03/2026,01/01/1970,12058,8350.00,09/03/2026,Adm No Not Match
231,15544,11000353448162,lVl,captured,8350.0,10/03/2026,11/03/2026,01/01/1970,12083,8350.00,10/03/2026,Adm No Not Match
232,16710,11000353447479,lVl,captured,7750.0,10/03/2026,11/03/2026,01/01/1970,12084,7750.00,10/03/2026,Adm No Not Match
233,15824,11000353449577,lVl,captured,8050.0,10/03/2026,11/03/2026,01/01/1970,12086,8050.00,10/03/2026,Adm No Not Match
234,16885,11000353846215,lVl,captured,7750.0,13/03/2026,16/03/2026,01/01/1970,12172,7750.00,13/03/2026,Adm No Not Match
235,17215,11000354251494,PREKGUKG,captured,6750.0,16/03/2026,17/03/2026,01/01/1970,12199,6750.00,16/03/2026,Adm No Not Match
236,15945,11000354387853,lVl,captured,16700.0,17/03/2026,18/03/2026,01/01/1970,12215,16700.00,17/03/2026,Adm No Not Match
237,17201,11000354419936,lVl,captured,7750.0,17/03/2026,18/03/2026,01/01/1970,12236,7750.00,17/03/2026,Adm No Not Match
238,17316,11000355295020,lVl,captured,7750.0,24/03/2026,25/03/2026,01/01/1970,12275,7750.00,24/03/2026,Adm No Not Match
239,15533,11000355302248,lVl,captured,8350.0,24/03/2026,25/03/2026,01/01/1970,12276,8350.00,24/03/2026,Adm No Not Match
240,16795,11000355317590,lVl,captured,8050.0,24/03/2026,25/03/2026,01/01/1970,12281,8050.00,24/03/2026,Adm No Not Match
241,17268,11000355648944,lVl,captured,8050.0,26/03/2026,27/03/2026,01/01/1970,12295,8050.00,26/03/2026,Adm No Not Match
242,17337,11000355626168,PREKGUKG,captured,6750.0,26/03/2026,27/03/2026,01/01/1970,12294,6750.00,26/03/2026,Adm No Not Match
243,16063,11000355656009,lVl,captured,8050.0,26/03/2026,27/03/2026,01/01/1970,12296,8050.00,26/03/2026,Adm No Not Match
244,17316,11000355295020,lVl,captured,7750.0,24/03/2026,25/03/2026,01/01/1970,12275,7750.00,24/03/2026,Adm No Not Match
245,15533,11000355302248,lVl,captured,8350.0,24/03/2026,25/03/2026,01/01/1970,12276,8350.00,24/03/2026,Adm No Not Match
246,16795,11000355317590,lVl,captured,8050.0,24/03/2026,25/03/2026,01/01/1970,12281,8050.00,24/03/2026,Adm No Not Match
247,17268,11000355648944,lVl,captured,8050.0,26/03/2026,27/03/2026,01/01/1970,12295,8050.00,26/03/2026,Adm No Not Match
248,17337,11000355626168,PREKGUKG,captured,6750.0,26/03/2026,27/03/2026,01/01/1970,12294,6750.00,26/03/2026,Adm No Not Match
249,16063,11000355656009,lVl,captured,8050.0,26/03/2026,27/03/2026,01/01/1970,12296,8050.00,26/03/2026,Adm No Not Match
250,16550,11000366111137,lVl,captured,8050.0,02/06/2026,03/06/2026,01/01/1970,12445,8050.00,02/06/2026,Adm No Not Match
251,16997,11000369952021,lVl,captured,8400.0,30/06/2026,01/07/2026,01/01/1970,12695,8400.00,30/06/2026,Adm No Not Match
252,17466,11000369870899,PREKGUKG,captured,6500.0,30/06/2026,01/07/2026,01/01/1970,12680,6500.00,30/06/2026,Adm No Not Match
253,17491,11000369762744,lVl,captured,9000.0,30/06/2026,01/07/2026,01/01/1970,12649,9000.00,30/06/2026,Adm No Not Match
254,17684,11000369809910,PREKGUKG,captured,6500.0,30/06/2026,01/07/2026,01/01/1970,12650,6500.00,30/06/2026,Adm No Not Match
255,17601,11000369977078,lVl,captured,8700.0,01/07/2026,02/07/2026,01/01/1970,12696,8700.00,01/07/2026,Adm No Not Match
256,17419,11000370033742,PREKGUKG,captured,7250.0,01/07/2026,02/07/2026,01/01/1970,12697,7250.00,01/07/2026,Adm No Not Match
257,17420,11000370034713,lVl,captured,8700.0,01/07/2026,02/07/2026,01/01/1970,12698,8700.00,01/07/2026,Adm No Not Match
258,17501,11000370146650,lVl,captured,8700.0,01/07/2026,02/07/2026,01/01/1970,12772,8700.00,01/07/2026,Adm No Not Match
259,17543,11000370169568,PREKGUKG,captured,7250.0,01/07/2026,02/07/2026,01/01/1970,12773,7250.00,01/07/2026,Adm No Not Match
260,17655,11000370330429,PREKGUKG,captured,6500.0,02/07/2026,04/07/2026,01/01/1970,12787,6500.00,02/07/2026,Adm No Not Match
261,17290,11000370320433,lVl,captured,8700.0,02/07/2026,04/07/2026,01/01/1970,12785,8700.00,02/07/2026,Adm No Not Match
262,17289,11000370319809,lVl,captured,8400.0,02/07/2026,04/07/2026,01/01/1970,12786,8400.00,02/07/2026,Adm No Not Match
263,17364,11000370248959,PREKGUKG,captured,7250.0,02/07/2026,04/07/2026,01/01/1970,12784,7250.00,02/07/2026,Adm No Not Match
264,17396,11000370453901,lVl,captured,8400.0,03/07/2026,04/07/2026,01/01/1970,12799,8400.00,03/07/2026,Adm No Not Match
265,17197,11000370484613,lVl,captured,8400.0,03/07/2026,04/07/2026,01/01/1970,12818,8400.00,03/07/2026,Adm No Not Match
266,16685,11000370431576,lVl,captured,8400.0,03/07/2026,04/07/2026,01/01/1970,12789,8400.00,03/07/2026,Adm No Not Match
267,17686,11000370450794,PREKGUKG,captured,7250.0,03/07/2026,04/07/2026,01/01/1970,12790,7250.00,03/07/2026,Adm No Not Match
268,17446,11000370492034,PREKGUKG,captured,7250.0,03/07/2026,04/07/2026,01/01/1970,12820,7250.00,03/07/2026,Adm No Not Match
269,17687,11000370494791,lVl,captured,9000.0,03/07/2026,04/07/2026,01/01/1970,12821,9000.00,03/07/2026,Adm No Not Match
270,17453,11000370644112,PREKGUKG,captured,7250.0,04/07/2026,06/07/2026,01/01/1970,12918,7250.00,04/07/2026,Adm No Not Match
271,17454,11000370643339,lVl,captured,8400.0,04/07/2026,06/07/2026,01/01/1970,12919,8400.00,04/07/2026,Adm No Not Match
272,17483,11000370877206,PREKGUKG,captured,7250.0,05/07/2026,06/07/2026,01/01/1970,13009,7250.00,05/07/2026,Adm No Not Match
273,17611,11000371074092,PREKGUKG,captured,6500.0,06/07/2026,07/07/2026,01/01/1970,13031,6500.00,06/07/2026,Adm No Not Match
274,17444,11000371012089,lVl,captured,8700.0,06/07/2026,07/07/2026,01/01/1970,13030,8700.00,06/07/2026,Adm No Not Match
275,17612,11000371075957,lVl,captured,8400.0,06/07/2026,07/07/2026,01/01/1970,13033,8400.00,06/07/2026,Adm No Not Match
276,17613,11000371077229,lVl,captured,8400.0,06/07/2026,07/07/2026,01/01/1970,13032,8400.00,06/07/2026,Adm No Not Match
277,17552,11000371077783,lVl,captured,8700.0,06/07/2026,07/07/2026,01/01/1970,13034,8700.00,06/07/2026,Adm No Not Match
278,16659,11000371141040,lVl,captured,26700.0,06/07/2026,07/07/2026,01/01/1970,13046,26700.00,06/07/2026,Adm No Not Match
279,17455,11000371178055,lVl,captured,8400.0,06/07/2026,07/07/2026,01/01/1970,13048,8400.00,06/07/2026,Adm No Not Match
280,16353,11000371165679,lVl,captured,8700.0,06/07/2026,07/07/2026,01/01/1970,13047,8700.00,06/07/2026,Adm No Not Match
281,16936,11000371276208,lVl,captured,8700.0,07/07/2026,08/07/2026,01/01/1970,13078,8700.00,07/07/2026,Adm No Not Match
282,17209,11000371263354,lVl,captured,8700.0,07/07/2026,08/07/2026,01/01/1970,13060,8700.00,07/07/2026,Adm No Not Match
283,17581,11000371266226,PREKGUKG,captured,7250.0,07/07/2026,08/07/2026,01/01/1970,13071,7250.00,07/07/2026,Adm No Not Match
284,17499,11000371319560,PREKGUKG,captured,7250.0,07/07/2026,08/07/2026,01/01/1970,13166,7250.00,07/07/2026,Adm No Not Match
285,17498,11000371320159,lVl,captured,9000.0,07/07/2026,08/07/2026,01/01/1970,13165,9000.00,07/07/2026,Adm No Not Match
286,17414,11000371326188,lVl,captured,8700.0,07/07/2026,08/07/2026,01/01/1970,13176,8700.00,07/07/2026,Adm No Not Match
287,17179,11000371328310,PREKGUKG,captured,7250.0,07/07/2026,08/07/2026,01/01/1970,13177,7250.00,07/07/2026,Adm No Not Match
288,17215,11000371437749,PREKGUKG,captured,7250.0,08/07/2026,09/07/2026,01/01/1970,13179,7250.00,08/07/2026,Adm No Not Match
289,17685,11000371454936,PREKGUKG,captured,7250.0,08/07/2026,09/07/2026,01/01/1970,13180,7250.00,08/07/2026,Adm No Not Match
290,16567,11000371626441,lVl,captured,8700.0,09/07/2026,10/07/2026,01/01/1970,13203,8700.00,09/07/2026,Adm No Not Match
291,17001,11000371625455,lVl,captured,8400.0,09/07/2026,10/07/2026,01/01/1970,13204,8400.00,09/07/2026,Adm No Not Match
292,17362,11000371713804,lVl,captured,9000.0,09/07/2026,10/07/2026,01/01/1970,13207,9000.00,09/07/2026,Adm No Not Match
293,17654,11000371809305,PREKGUKG,captured,6500.0,09/07/2026,10/07/2026,01/01/1970,13243,6500.00,09/07/2026,Adm No Not Match
294,17277,11000372059838,lVl,captured,9000.0,11/07/2026,13/07/2026,01/01/1970,13281,9000.00,11/07/2026,Adm No Not Match
295,17477,11000372295469,PREKGUKG,captured,7250.0,12/07/2026,13/07/2026,01/01/1970,13296,7250.00,12/07/2026,Adm No Not Match
296,16552,11000372271363,lVl,captured,8700.0,12/07/2026,13/07/2026,01/01/1970,13293,8700.00,12/07/2026,Adm No Not Match
297,17219,11000372261199,lVl,captured,8400.0,12/07/2026,13/07/2026,01/01/1970,13292,8400.00,12/07/2026,Adm No Not Match
298,17417,11000372274677,PREKGUKG,captured,6500.0,12/07/2026,13/07/2026,01/01/1970,13294,6500.00,12/07/2026,Adm No Not Match
299,16475,11000372182083,lVl,captured,9000.0,11/07/2026,13/07/2026,01/01/1970,13291,9000.00,11/07/2026,Adm No Not Match
300,15823,11000372145896,lVl,captured,9000.0,11/07/2026,13/07/2026,01/01/1970,13289,9000.00,11/07/2026,Adm No Not Match
301,16721,11000372146568,lVl,captured,8400.0,11/07/2026,13/07/2026,01/01/1970,13288,8400.00,11/07/2026,Adm No Not Match
302,17459,11000372131404,lVl,captured,8400.0,11/07/2026,13/07/2026,01/01/1970,13287,8400.00,11/07/2026,Adm No Not Match
303,17476,11000372295995,lVl,captured,9000.0,12/07/2026,13/07/2026,01/01/1970,13297,9000.00,12/07/2026,Adm No Not Match
304,15541,11000372114900,lVl,captured,9000.0,11/07/2026,13/07/2026,01/01/1970,13285,9000.00,11/07/2026,Adm No Not Match
305,16209,11000372067768,lVl,captured,9000.0,11/07/2026,13/07/2026,01/01/1970,13283,9000.00,11/07/2026,Adm No Not Match
306,17375,11000371993652,PREKGUKG,captured,7250.0,10/07/2026,13/07/2026,01/01/1970,13279,7250.00,10/07/2026,Adm No Not Match
307,17191,11000371968280,PREKGUKG,captured,7250.0,10/07/2026,13/07/2026,01/01/1970,13276,7250.00,10/07/2026,Adm No Not Match
308,17190,11000371966595,lVl,captured,8400.0,10/07/2026,13/07/2026,01/01/1970,13275,8400.00,10/07/2026,Adm No Not Match
309,16981,11000371975854,lVl,captured,8400.0,10/07/2026,13/07/2026,01/01/1970,13277,8400.00,10/07/2026,Adm No Not Match
310,16983,11000371977290,lVl,captured,9000.0,10/07/2026,13/07/2026,01/01/1970,13278,9000.00,10/07/2026,Adm No Not Match
311,15915,11000372274949,lVl,captured,9000.0,12/07/2026,13/07/2026,01/01/1970,13295,9000.00,12/07/2026,Adm No Not Match
312,17645,11000372367339,lVl,captured,9000.0,13/07/2026,14/07/2026,01/01/1970,13299,9000.00,13/07/2026,Adm No Not Match
313,16211,11000372485711,lVl,captured,9000.0,13/07/2026,14/07/2026,01/01/1970,13320,9000.00,13/07/2026,Adm No Not Match
314,17678,11000372542814,lVl,captured,8400.0,13/07/2026,14/07/2026,01/01/1970,13337,8400.00,13/07/2026,Adm No Not Match
315,15549,11000372534162,lVl,captured,9000.0,13/07/2026,14/07/2026,01/01/1970,13336,9000.00,13/07/2026,Adm No Not Match
316,17413,11000372439451,PREKGUKG,captured,7250.0,13/07/2026,14/07/2026,01/01/1970,13301,7250.00,13/07/2026,Adm No Not Match
317,16550,11000366111137,lVl,captured,8050.0,02/06/2026,03/06/2026,01/01/1970,12445,8050.00,02/06/2026,Adm No Not Match
318,16686,11000367653359,lVl,captured,8700.0,12/06/2026,15/06/2026,01/01/1970,12477,8700.00,12/06/2026,Adm No Not Match
319,17175,11000367653415,PREKGUKG,captured,7250.0,12/06/2026,15/06/2026,01/01/1970,12478,7250.00,12/06/2026,Adm No Not Match
320,16148,11000367704488,lVl,captured,9300.0,13/06/2026,15/06/2026,01/01/1970,12483,9300.00,13/06/2026,Adm No Not Match
321,17113,11000367770625,lVl,captured,9300.0,13/06/2026,15/06/2026,01/01/1970,12485,9300.00,13/06/2026,Adm No Not Match
322,16147,11000367705568,lVl,captured,9600.0,13/06/2026,15/06/2026,01/01/1970,12484,9600.00,13/06/2026,Adm No Not Match
323,17496,11000367974579,lVl,captured,600.0,15/06/2026,16/06/2026,01/01/1970,12497,600.00,15/06/2026,Adm No Not Match
324,17496,11000367973619,lVl,captured,8700.0,15/06/2026,16/06/2026,01/01/1970,12498,8700.00,15/06/2026,Adm No Not Match
325,17512,11000367862892,lVl,captured,600.0,15/06/2026,16/06/2026,01/01/1970,12486,600.00,15/06/2026,Adm No Not Match
326,17203,11000368125039,lVl,captured,600.0,16/06/2026,17/06/2026,01/01/1970,12505,600.00,16/06/2026,Adm No Not Match
327,16975,11000368124466,lVl,captured,9000.0,16/06/2026,17/06/2026,01/01/1970,12504,9000.00,16/06/2026,Adm No Not Match
328,16975,11000368124389,lVl,captured,600.0,16/06/2026,17/06/2026,01/01/1970,12503,600.00,16/06/2026,Adm No Not Match
329,17203,11000368124576,lVl,captured,8700.0,16/06/2026,17/06/2026,01/01/1970,12506,8700.00,16/06/2026,Adm No Not Match
330,17113,11000368122139,lVl,captured,8700.0,16/06/2026,17/06/2026,01/01/1970,12502,8700.00,16/06/2026,Adm No Not Match
331,16740,11000368085601,lVl,captured,7750.0,16/06/2026,17/06/2026,01/01/1970,12501,7750.00,16/06/2026,Adm No Not Match
332,17618,11000368252195,lVl,captured,600.0,17/06/2026,18/06/2026,01/01/1970,12510,600.00,17/06/2026,Adm No Not Match
333,17426,11000368309814,PREKGUKG,captured,7250.0,18/06/2026,19/06/2026,01/01/1970,12511,7250.00,18/06/2026,Adm No Not Match
334,17388,11000368413501,PREKGUKG,captured,7250.0,18/06/2026,19/06/2026,01/01/1970,12524,7250.00,18/06/2026,Adm No Not Match
335,17397,11000368460585,PREKGUKG,captured,7250.0,19/06/2026,20/06/2026,01/01/1970,12526,7250.00,19/06/2026,Adm No Not Match
336,17618,11000368530997,lVl,captured,8700.0,19/06/2026,20/06/2026,01/01/1970,12546,8700.00,19/06/2026,Adm No Not Match
337,17178,11000368547222,lVl,captured,9000.0,19/06/2026,20/06/2026,01/01/1970,12547,9000.00,19/06/2026,Adm No Not Match
338,17521,11000368638978,lVl,captured,8700.0,20/06/2026,22/06/2026,01/01/1970,12559,8700.00,20/06/2026,Adm No Not Match
339,17540,11000368619142,lVl,captured,9000.0,20/06/2026,22/06/2026,01/01/1970,12552,9000.00,20/06/2026,Adm No Not Match
340,17588,11000368623323,PREKGUKG,captured,6500.0,20/06/2026,22/06/2026,01/01/1970,12553,6500.00,20/06/2026,Adm No Not Match
341,17467,11000368651291,PREKGUKG,captured,7250.0,20/06/2026,22/06/2026,01/01/1970,12561,7250.00,20/06/2026,Adm No Not Match
342,17394,11000368617993,PREKGUKG,captured,7250.0,20/06/2026,22/06/2026,01/01/1970,12551,7250.00,20/06/2026,Adm No Not Match
343,17488,11000368617413,lVl,captured,9300.0,20/06/2026,22/06/2026,01/01/1970,12550,9300.00,20/06/2026,Adm No Not Match
344,17412,11000368616032,lVl,captured,9000.0,20/06/2026,22/06/2026,01/01/1970,12549,9000.00,20/06/2026,Adm No Not Match
345,17465,11000368714488,lVl,captured,8400.0,20/06/2026,22/06/2026,01/01/1970,12571,8400.00,20/06/2026,Adm No Not Match
346,17468,11000368702068,PREKGUKG,captured,6500.0,20/06/2026,22/06/2026,01/01/1970,12570,6500.00,20/06/2026,Adm No Not Match
347,17422,11000368695750,lVl,captured,9000.0,20/06/2026,22/06/2026,01/01/1970,12568,9000.00,20/06/2026,Adm No Not Match
348,17214,11000368692422,PREKGUKG,captured,7250.0,20/06/2026,22/06/2026,01/01/1970,12567,7250.00,20/06/2026,Adm No Not Match
349,17566,11000368652434,PREKGUKG,captured,7250.0,20/06/2026,22/06/2026,01/01/1970,12562,7250.00,20/06/2026,
350,17536,11000368654837,PREKGUKG,captured,7250.0,20/06/2026,22/06/2026,01/01/1970,12563,7250.00,20/06/2026,Adm No Not Match
351,17605,11000368666380,lVl,captured,8400.0,20/06/2026,22/06/2026,01/01/1970,12564,8400.00,20/06/2026,Adm No Not Match
352,16955,11000368717127,lVl,captured,8700.0,20/06/2026,22/06/2026,01/01/1970,12573,8700.00,20/06/2026,Adm No Not Match
353,17448,11000368719360,PREKGUKG,captured,7250.0,20/06/2026,22/06/2026,01/01/1970,12574,7250.00,20/06/2026,Adm No Not Match
354,16369,11000368782611,lVl,captured,9000.0,21/06/2026,22/06/2026,01/01/1970,12575,9000.00,21/06/2026,Adm No Not Match
355,17526,11000368628535,PREKGUKG,captured,7250.0,20/06/2026,22/06/2026,01/01/1970,12555,7250.00,20/06/2026,Adm No Not Match
356,17520,11000368639299,PREKGUKG,captured,7250.0,20/06/2026,22/06/2026,01/01/1970,12557,7250.00,20/06/2026,Adm No Not Match
357,17521,11000368639487,lVl,captured,600.0,20/06/2026,22/06/2026,01/01/1970,12558,600.00,20/06/2026,Adm No Not Match
358,17587,11000368623482,lVl,captured,9600.0,20/06/2026,22/06/2026,01/01/1970,12554,9600.00,20/06/2026,Adm No Not Match
359,17509,11000368630350,lVl,captured,9000.0,20/06/2026,22/06/2026,01/01/1970,12556,9000.00,20/06/2026,Adm No Not Match
360,17418,11000368715961,PREKGUKG,captured,7250.0,20/06/2026,22/06/2026,01/01/1970,12572,7250.00,20/06/2026,Adm No Not Match
361,17427,11000368689952,lVl,captured,9300.0,20/06/2026,22/06/2026,01/01/1970,12566,9300.00,20/06/2026,Adm No Not Match
362,17210,11000368700791,lVl,captured,8400.0,20/06/2026,22/06/2026,01/01/1970,12569,8400.00,20/06/2026,Adm No Not Match
363,17283,11000368795612,PREKGUKG,captured,13500.0,21/06/2026,22/06/2026,01/01/1970,12576,13500.00,21/06/2026,Adm No Not Match
364,16617,11000368926492,lVl,captured,600.0,22/06/2026,23/06/2026,01/01/1970,12590,600.00,22/06/2026,Adm No Not Match
365,17374,11000368805764,PREKGUKG,captured,7250.0,22/06/2026,23/06/2026,01/01/1970,12577,7250.00,22/06/2026,Adm No Not Match
366,17484,11000368810379,PREKGUKG,captured,6500.0,22/06/2026,23/06/2026,01/01/1970,12578,6500.00,22/06/2026,Adm No Not Match
367,17511,11000368810939,lVl,captured,9000.0,22/06/2026,23/06/2026,01/01/1970,12579,9000.00,22/06/2026,Adm No Not Match
368,17407,11000368813211,PREKGUKG,captured,7250.0,22/06/2026,23/06/2026,01/01/1970,12580,7250.00,22/06/2026,Adm No Not Match
369,17589,11000368815352,lVl,captured,8400.0,22/06/2026,23/06/2026,01/01/1970,12581,8400.00,22/06/2026,Adm No Not Match
370,17592,11000368820576,PREKGUKG,captured,6500.0,22/06/2026,23/06/2026,01/01/1970,12582,6500.00,22/06/2026,Adm No Not Match
371,17604,11000368826197,PREKGUKG,captured,7250.0,22/06/2026,23/06/2026,01/01/1970,12583,7250.00,22/06/2026,Adm No Not Match
372,17608,11000368826566,lVl,captured,8400.0,22/06/2026,23/06/2026,01/01/1970,12584,8400.00,22/06/2026,Adm No Not Match
373,17270,11000368845841,lVl,captured,9000.0,22/06/2026,23/06/2026,01/01/1970,12585,9000.00,22/06/2026,Adm No Not Match
374,17435,11000368861493,PREKGUKG,captured,7250.0,22/06/2026,23/06/2026,01/01/1970,12586,7250.00,22/06/2026,Adm No Not Match
375,17652,11000368879183,lVl,captured,9000.0,22/06/2026,23/06/2026,01/01/1970,12587,9000.00,22/06/2026,Adm No Not Match
376,17475,11000368881603,PREKGUKG,captured,7250.0,22/06/2026,23/06/2026,01/01/1970,12588,7250.00,22/06/2026,Adm No Not Match
377,17504,11000368921348,PREKGUKG,captured,7250.0,22/06/2026,23/06/2026,01/01/1970,12589,7250.00,22/06/2026,Adm No Not Match
378,17541,11000368935111,lVl,captured,8400.0,22/06/2026,23/06/2026,01/01/1970,12592,8400.00,22/06/2026,Adm No Not Match
379,16617,11000368926540,lVl,captured,9000.0,22/06/2026,23/06/2026,01/01/1970,12591,9000.00,22/06/2026,Adm No Not Match
380,17507,11000368952271,lVl,captured,9000.0,23/06/2026,24/06/2026,01/01/1970,12593,9000.00,23/06/2026,Adm No Not Match
381,17164,11000369060481,lVl,captured,8400.0,23/06/2026,24/06/2026,01/01/1970,12598,8400.00,23/06/2026,Adm No Not Match
382,17458,11000369025636,PREKGUKG,captured,7250.0,23/06/2026,24/06/2026,01/01/1970,12597,7250.00,23/06/2026,Adm No Not Match
383,16342,11000369060664,lVl,captured,8700.0,23/06/2026,24/06/2026,01/01/1970,12599,8700.00,23/06/2026,Adm No Not Match
384,17450,11000368980121,lVl,captured,9000.0,23/06/2026,24/06/2026,01/01/1970,12596,9000.00,23/06/2026,Adm No Not Match
385,17497,11000368961152,PREKGUKG,captured,7250.0,23/06/2026,24/06/2026,01/01/1970,12595,7250.00,23/06/2026,Adm No Not Match
386,17382,11000368952392,PREKGUKG,captured,7250.0,23/06/2026,24/06/2026,01/01/1970,12594,7250.00,23/06/2026,Adm No Not Match
387,17096,11000369123406,PREKGUKG,captured,7250.0,24/06/2026,25/06/2026,01/01/1970,12604,7250.00,24/06/2026,Adm No Not Match
388,16422,11000369096291,lVl,captured,8700.0,24/06/2026,25/06/2026,01/01/1970,12603,8700.00,24/06/2026,Adm No Not Match
389,17694,11000369093350,PREKGUKG,captured,7250.0,24/06/2026,25/06/2026,01/01/1970,12601,7250.00,24/06/2026,Adm No Not Match
390,17447,11000369084581,PREKGUKG,captured,6500.0,24/06/2026,25/06/2026,01/01/1970,12600,6500.00,24/06/2026,Adm No Not Match
391,17677,11000369160968,lVl,captured,8400.0,24/06/2026,25/06/2026,01/01/1970,12610,8400.00,24/06/2026,Adm No Not Match
392,17510,11000369159164,lVl,captured,8400.0,24/06/2026,25/06/2026,01/01/1970,12609,8400.00,24/06/2026,Adm No Not Match
393,17174,11000369095159,PREKGUKG,captured,7250.0,24/06/2026,25/06/2026,01/01/1970,12602,7250.00,24/06/2026,Adm No Not Match
394,17425,11000369123525,PREKGUKG,captured,6500.0,24/06/2026,25/06/2026,01/01/1970,12605,6500.00,24/06/2026,Adm No Not Match
395,16885,11000369426088,lVl,captured,8400.0,27/06/2026,29/06/2026,01/01/1970,12612,8400.00,27/06/2026,Adm No Not Match
396,17602,11000369519517,lVl,captured,8700.0,28/06/2026,29/06/2026,01/01/1970,12640,8700.00,28/06/2026,Adm No Not Match
397,17295,11000369348669,PREKGUKG,captured,7250.0,26/06/2026,29/06/2026,01/01/1970,12611,7250.00,26/06/2026,Adm No Not Match
398,16344,11000369711495,lVl,captured,8700.0,29/06/2026,30/06/2026,01/01/1970,12645,8700.00,29/06/2026,Adm No Not Match
399,17691,11000369613118,lVl,captured,8700.0,29/06/2026,30/06/2026,01/01/1970,12642,8700.00,29/06/2026,Adm No Not Match
400,17692,11000369612164,lVl,captured,8700.0,29/06/2026,30/06/2026,01/01/1970,12641,8700.00,29/06/2026,Adm No Not Match
401,17452,11000369658343,lVl,captured,8400.0,29/06/2026,30/06/2026,01/01/1970,12644,8400.00,29/06/2026,Adm No Not Match
402,17623,11000369732362,PREKGUKG,captured,13000.0,29/06/2026,30/06/2026,01/01/1970,12646,13000.00,29/06/2026,Adm No Not Match
403,17358,11000369624103,lVl,captured,17400.0,29/06/2026,30/06/2026,01/01/1970,12643,17400.00,29/06/2026,Adm No Not Match
404,16997,11000369952021,lVl,captured,8400.0,30/06/2026,01/07/2026,01/01/1970,12695,8400.00,30/06/2026,Adm No Not Match
405,17466,11000369870899,PREKGUKG,captured,6500.0,30/06/2026,01/07/2026,01/01/1970,12680,6500.00,30/06/2026,Adm No Not Match
406,17491,11000369762744,lVl,captured,9000.0,30/06/2026,01/07/2026,01/01/1970,12649,9000.00,30/06/2026,Adm No Not Match
407,17684,11000369809910,PREKGUKG,captured,6500.0,30/06/2026,01/07/2026,01/01/1970,12650,6500.00,30/06/2026,Adm No Not Match
408,17601,11000369977078,lVl,captured,8700.0,01/07/2026,02/07/2026,01/01/1970,12696,8700.00,01/07/2026,Adm No Not Match
409,17419,11000370033742,PREKGUKG,captured,7250.0,01/07/2026,02/07/2026,01/01/1970,12697,7250.00,01/07/2026,Adm No Not Match
410,17420,11000370034713,lVl,captured,8700.0,01/07/2026,02/07/2026,01/01/1970,12698,8700.00,01/07/2026,Adm No Not Match
411,17501,11000370146650,lVl,captured,8700.0,01/07/2026,02/07/2026,01/01/1970,12772,8700.00,01/07/2026,Adm No Not Match
412,17543,11000370169568,PREKGUKG,captured,7250.0,01/07/2026,02/07/2026,01/01/1970,12773,7250.00,01/07/2026,Adm No Not Match
413,17655,11000370330429,PREKGUKG,captured,6500.0,02/07/2026,04/07/2026,01/01/1970,12787,6500.00,02/07/2026,Adm No Not Match
414,17290,11000370320433,lVl,captured,8700.0,02/07/2026,04/07/2026,01/01/1970,12785,8700.00,02/07/2026,Adm No Not Match
415,17289,11000370319809,lVl,captured,8400.0,02/07/2026,04/07/2026,01/01/1970,12786,8400.00,02/07/2026,Adm No Not Match
416,17364,11000370248959,PREKGUKG,captured,7250.0,02/07/2026,04/07/2026,01/01/1970,12784,7250.00,02/07/2026,Adm No Not Match
417,17396,11000370453901,lVl,captured,8400.0,03/07/2026,04/07/2026,01/01/1970,12799,8400.00,03/07/2026,Adm No Not Match
418,17197,11000370484613,lVl,captured,8400.0,03/07/2026,04/07/2026,01/01/1970,12818,8400.00,03/07/2026,Adm No Not Match
419,16685,11000370431576,lVl,captured,8400.0,03/07/2026,04/07/2026,01/01/1970,12789,8400.00,03/07/2026,Adm No Not Match
420,17686,11000370450794,PREKGUKG,captured,7250.0,03/07/2026,04/07/2026,01/01/1970,12790,7250.00,03/07/2026,Adm No Not Match
421,17446,11000370492034,PREKGUKG,captured,7250.0,03/07/2026,04/07/2026,01/01/1970,12820,7250.00,03/07/2026,Adm No Not Match
422,17687,11000370494791,lVl,captured,9000.0,03/07/2026,04/07/2026,01/01/1970,12821,9000.00,03/07/2026,Adm No Not Match
423,17453,11000370644112,PREKGUKG,captured,7250.0,04/07/2026,06/07/2026,01/01/1970,12918,7250.00,04/07/2026,Adm No Not Match
424,17454,11000370643339,lVl,captured,8400.0,04/07/2026,06/07/2026,01/01/1970,12919,8400.00,04/07/2026,Adm No Not Match
425,17483,11000370877206,PREKGUKG,captured,7250.0,05/07/2026,06/07/2026,01/01/1970,13009,7250.00,05/07/2026,Adm No Not Match
426,17611,11000371074092,PREKGUKG,captured,6500.0,06/07/2026,07/07/2026,01/01/1970,13031,6500.00,06/07/2026,Adm No Not Match
427,17444,11000371012089,lVl,captured,8700.0,06/07/2026,07/07/2026,01/01/1970,13030,8700.00,06/07/2026,Adm No Not Match
428,17612,11000371075957,lVl,captured,8400.0,06/07/2026,07/07/2026,01/01/1970,13033,8400.00,06/07/2026,Adm No Not Match
429,17613,11000371077229,lVl,captured,8400.0,06/07/2026,07/07/2026,01/01/1970,13032,8400.00,06/07/2026,Adm No Not Match
430,17552,11000371077783,lVl,captured,8700.0,06/07/2026,07/07/2026,01/01/1970,13034,8700.00,06/07/2026,Adm No Not Match
431,16659,11000371141040,lVl,captured,26700.0,06/07/2026,07/07/2026,01/01/1970,13046,26700.00,06/07/2026,Adm No Not Match
432,17455,11000371178055,lVl,captured,8400.0,06/07/2026,07/07/2026,01/01/1970,13048,8400.00,06/07/2026,Adm No Not Match
433,16353,11000371165679,lVl,captured,8700.0,06/07/2026,07/07/2026,01/01/1970,13047,8700.00,06/07/2026,Adm No Not Match
434,16936,11000371276208,lVl,captured,8700.0,07/07/2026,08/07/2026,01/01/1970,13078,8700.00,07/07/2026,Adm No Not Match
435,17209,11000371263354,lVl,captured,8700.0,07/07/2026,08/07/2026,01/01/1970,13060,8700.00,07/07/2026,Adm No Not Match
436,17581,11000371266226,PREKGUKG,captured,7250.0,07/07/2026,08/07/2026,01/01/1970,13071,7250.00,07/07/2026,Adm No Not Match
437,17499,11000371319560,PREKGUKG,captured,7250.0,07/07/2026,08/07/2026,01/01/1970,13166,7250.00,07/07/2026,Adm No Not Match
438,17498,11000371320159,lVl,captured,9000.0,07/07/2026,08/07/2026,01/01/1970,13165,9000.00,07/07/2026,Adm No Not Match
439,17414,11000371326188,lVl,captured,8700.0,07/07/2026,08/07/2026,01/01/1970,13176,8700.00,07/07/2026,Adm No Not Match
440,17179,11000371328310,PREKGUKG,captured,7250.0,07/07/2026,08/07/2026,01/01/1970,13177,7250.00,07/07/2026,Adm No Not Match
441,17215,11000371437749,PREKGUKG,captured,7250.0,08/07/2026,09/07/2026,01/01/1970,13179,7250.00,08/07/2026,Adm No Not Match
442,17685,11000371454936,PREKGUKG,captured,7250.0,08/07/2026,09/07/2026,01/01/1970,13180,7250.00,08/07/2026,Adm No Not Match
443,16567,11000371626441,lVl,captured,8700.0,09/07/2026,10/07/2026,01/01/1970,13203,8700.00,09/07/2026,Adm No Not Match
444,17001,11000371625455,lVl,captured,8400.0,09/07/2026,10/07/2026,01/01/1970,13204,8400.00,09/07/2026,Adm No Not Match
445,17362,11000371713804,lVl,captured,9000.0,09/07/2026,10/07/2026,01/01/1970,13207,9000.00,09/07/2026,Adm No Not Match
446,17654,11000371809305,PREKGUKG,captured,6500.0,09/07/2026,10/07/2026,01/01/1970,13243,6500.00,09/07/2026,Adm No Not Match
447,17277,11000372059838,lVl,captured,9000.0,11/07/2026,13/07/2026,01/01/1970,13281,9000.00,11/07/2026,Adm No Not Match
448,17477,11000372295469,PREKGUKG,captured,7250.0,12/07/2026,13/07/2026,01/01/1970,13296,7250.00,12/07/2026,Adm No Not Match
449,16552,11000372271363,lVl,captured,8700.0,12/07/2026,13/07/2026,01/01/1970,13293,8700.00,12/07/2026,Adm No Not Match
450,17219,11000372261199,lVl,captured,8400.0,12/07/2026,13/07/2026,01/01/1970,13292,8400.00,12/07/2026,Adm No Not Match
451,17417,11000372274677,PREKGUKG,captured,6500.0,12/07/2026,13/07/2026,01/01/1970,13294,6500.00,12/07/2026,Adm No Not Match
452,16475,11000372182083,lVl,captured,9000.0,11/07/2026,13/07/2026,01/01/1970,13291,9000.00,11/07/2026,Adm No Not Match
453,15823,11000372145896,lVl,captured,9000.0,11/07/2026,13/07/2026,01/01/1970,13289,9000.00,11/07/2026,Adm No Not Match
454,16721,11000372146568,lVl,captured,8400.0,11/07/2026,13/07/2026,01/01/1970,13288,8400.00,11/07/2026,Adm No Not Match
455,17459,11000372131404,lVl,captured,8400.0,11/07/2026,13/07/2026,01/01/1970,13287,8400.00,11/07/2026,Adm No Not Match
456,17476,11000372295995,lVl,captured,9000.0,12/07/2026,13/07/2026,01/01/1970,13297,9000.00,12/07/2026,Adm No Not Match
457,15541,11000372114900,lVl,captured,9000.0,11/07/2026,13/07/2026,01/01/1970,13285,9000.00,11/07/2026,Adm No Not Match
458,16209,11000372067768,lVl,captured,9000.0,11/07/2026,13/07/2026,01/01/1970,13283,9000.00,11/07/2026,Adm No Not Match
459,17375,11000371993652,PREKGUKG,captured,7250.0,10/07/2026,13/07/2026,01/01/1970,13279,7250.00,10/07/2026,Adm No Not Match
460,17191,11000371968280,PREKGUKG,captured,7250.0,10/07/2026,13/07/2026,01/01/1970,13276,7250.00,10/07/2026,Adm No Not Match
461,17190,11000371966595,lVl,captured,8400.0,10/07/2026,13/07/2026,01/01/1970,13275,8400.00,10/07/2026,Adm No Not Match
462,16981,11000371975854,lVl,captured,8400.0,10/07/2026,13/07/2026,01/01/1970,13277,8400.00,10/07/2026,Adm No Not Match
463,16983,11000371977290,lVl,captured,9000.0,10/07/2026,13/07/2026,01/01/1970,13278,9000.00,10/07/2026,Adm No Not Match
464,15915,11000372274949,lVl,captured,9000.0,12/07/2026,13/07/2026,01/01/1970,13295,9000.00,12/07/2026,Adm No Not Match
465,17645,11000372367339,lVl,captured,9000.0,13/07/2026,14/07/2026,01/01/1970,13299,9000.00,13/07/2026,Adm No Not Match
466,16211,11000372485711,lVl,captured,9000.0,13/07/2026,14/07/2026,01/01/1970,13320,9000.00,13/07/2026,Adm No Not Match
467,17678,11000372542814,lVl,captured,8400.0,13/07/2026,14/07/2026,01/01/1970,13337,8400.00,13/07/2026,Adm No Not Match
468,15549,11000372534162,lVl,captured,9000.0,13/07/2026,14/07/2026,01/01/1970,13336,9000.00,13/07/2026,Adm No Not Match
469,17413,11000372439451,PREKGUKG,captured,7250.0,13/07/2026,14/07/2026,01/01/1970,13301,7250.00,13/07/2026,Adm No Not Match
470,17474,11000372597439,lVl,captured,9000.0,14/07/2026,15/07/2026,01/01/1970,13341,9000.00,14/07/2026,Adm No Not Match
471,16600,11000372581514,lVl,captured,8700.0,14/07/2026,15/07/2026,01/01/1970,13338,8700.00,14/07/2026,Adm No Not Match
472,16754,11000372593846,lVl,captured,8700.0,14/07/2026,15/07/2026,01/01/1970,13340,8700.00,14/07/2026,Adm No Not Match
473,17635,11000372602280,lVl,captured,9300.0,14/07/2026,15/07/2026,01/01/1970,13342,9300.00,14/07/2026,Adm No Not Match
474,15946,11000372621189,lVl,captured,600.0,14/07/2026,15/07/2026,01/01/1970,13343,600.00,14/07/2026,Adm No Not Match
475,16946,11000372732102,lVl,captured,8700.0,14/07/2026,15/07/2026,01/01/1970,13416,8700.00,14/07/2026,Adm No Not Match
476,16184,11000372774187,lVl,captured,9000.0,14/07/2026,15/07/2026,01/01/1970,13420,9000.00,14/07/2026,Adm No Not Match
477,16636,11000372711014,lVl,captured,8700.0,14/07/2026,15/07/2026,01/01/1970,13382,8700.00,14/07/2026,Adm No Not Match
478,16308,11000372709836,lVl,captured,8700.0,14/07/2026,15/07/2026,01/01/1970,13376,8700.00,14/07/2026,Adm No Not Match
479,17139,11000372787749,lVl,captured,9000.0,14/07/2026,15/07/2026,01/01/1970,13421,9000.00,14/07/2026,Adm No Not Match
480,17305,11000372748134,PREKGUKG,captured,7250.0,14/07/2026,15/07/2026,01/01/1970,13419,7250.00,14/07/2026,Adm No Not Match
481,17260,11000372739801,lVl,captured,9000.0,14/07/2026,15/07/2026,01/01/1970,13418,9000.00,14/07/2026,Adm No Not Match
482,17138,11000372788739,lVl,captured,8700.0,14/07/2026,15/07/2026,01/01/1970,13422,8700.00,14/07/2026,Adm No Not Match
483,17051,11000372832257,lVl,captured,9000.0,15/07/2026,16/07/2026,01/01/1970,13430,9000.00,15/07/2026,Adm No Not Match
484,17595,11000372806721,lVl,captured,9000.0,15/07/2026,16/07/2026,01/01/1970,13425,9000.00,15/07/2026,Adm No Not Match
485,16783,11000372811793,lVl,captured,9000.0,15/07/2026,16/07/2026,01/01/1970,13428,9000.00,15/07/2026,Adm No Not Match
486,17577,11000372928457,lVl,captured,9000.0,15/07/2026,16/07/2026,01/01/1970,13436,9000.00,15/07/2026,Adm No Not Match
487,15866,11000372954049,lVl,captured,9000.0,15/07/2026,16/07/2026,01/01/1970,13438,9000.00,15/07/2026,Adm No Not Match
488,17315,11000372961520,lVl,captured,8400.0,15/07/2026,16/07/2026,01/01/1970,13455,8400.00,15/07/2026,Adm No Not Match
489,17597,11000372961777,PREKGUKG,captured,7250.0,15/07/2026,16/07/2026,01/01/1970,13456,7250.00,15/07/2026,Adm No Not Match
490,16934,11000372831197,lVl,captured,8400.0,15/07/2026,16/07/2026,01/01/1970,13429,8400.00,15/07/2026,Adm No Not Match
491,17576,11000372929322,lVl,captured,8700.0,15/07/2026,16/07/2026,01/01/1970,13435,8700.00,15/07/2026,Adm No Not Match
492,17661,11000372996670,PREKGUKG,captured,7250.0,15/07/2026,16/07/2026,01/01/1970,13461,7250.00,15/07/2026,Adm No Not Match
493,17523,11000373011586,lVl,captured,18600.0,15/07/2026,16/07/2026,01/01/1970,13462,18600.00,15/07/2026,Adm No Not Match
494,15960,11000373132456,lVl,captured,9000.0,16/07/2026,17/07/2026,01/01/1970,13464,9000.00,16/07/2026,Adm No Not Match
495,17573,11000373097760,lVl,captured,8700.0,16/07/2026,17/07/2026,01/01/1970,13463,8700.00,16/07/2026,Adm No Not Match
496,17617,11000373198795,lVl,captured,8400.0,16/07/2026,17/07/2026,01/01/1970,13468,8400.00,16/07/2026,Adm No Not Match
497,17565,11000373148327,PREKGUKG,captured,7250.0,16/07/2026,17/07/2026,01/01/1970,13467,7250.00,16/07/2026,Adm No Not Match
498,17043,11000373141841,lVl,captured,9000.0,16/07/2026,17/07/2026,01/01/1970,13466,9000.00,16/07/2026,Adm No Not Match
499,17633,11000373484907,PREKGUKG,captured,7250.0,17/07/2026,18/07/2026,01/01/1970,13522,7250.00,17/07/2026,Adm No Not Match
500,16997,11000369952021,lVl,captured,8400.0,30/06/2026,01/07/2026,01/01/1970,12695,8400.00,30/06/2026,Adm No Not Match
501,17466,11000369870899,PREKGUKG,captured,6500.0,30/06/2026,01/07/2026,01/01/1970,12680,6500.00,30/06/2026,Adm No Not Match
502,17491,11000369762744,lVl,captured,9000.0,30/06/2026,01/07/2026,01/01/1970,12649,9000.00,30/06/2026,Adm No Not Match
503,17684,11000369809910,PREKGUKG,captured,6500.0,30/06/2026,01/07/2026,01/01/1970,12650,6500.00,30/06/2026,Adm No Not Match
504,17601,11000369977078,lVl,captured,8700.0,01/07/2026,02/07/2026,01/01/1970,12696,8700.00,01/07/2026,Adm No Not Match
505,17419,11000370033742,PREKGUKG,captured,7250.0,01/07/2026,02/07/2026,01/01/1970,12697,7250.00,01/07/2026,Adm No Not Match
506,17420,11000370034713,lVl,captured,8700.0,01/07/2026,02/07/2026,01/01/1970,12698,8700.00,01/07/2026,Adm No Not Match
507,17501,11000370146650,lVl,captured,8700.0,01/07/2026,02/07/2026,01/01/1970,12772,8700.00,01/07/2026,Adm No Not Match
508,17543,11000370169568,PREKGUKG,captured,7250.0,01/07/2026,02/07/2026,01/01/1970,12773,7250.00,01/07/2026,Adm No Not Match
509,17655,11000370330429,PREKGUKG,captured,6500.0,02/07/2026,04/07/2026,01/01/1970,12787,6500.00,02/07/2026,Adm No Not Match
510,17290,11000370320433,lVl,captured,8700.0,02/07/2026,04/07/2026,01/01/1970,12785,8700.00,02/07/2026,Adm No Not Match
511,17289,11000370319809,lVl,captured,8400.0,02/07/2026,04/07/2026,01/01/1970,12786,8400.00,02/07/2026,Adm No Not Match
512,17364,11000370248959,PREKGUKG,captured,7250.0,02/07/2026,04/07/2026,01/01/1970,12784,7250.00,02/07/2026,Adm No Not Match
513,17396,11000370453901,lVl,captured,8400.0,03/07/2026,04/07/2026,01/01/1970,12799,8400.00,03/07/2026,Adm No Not Match
514,17197,11000370484613,lVl,captured,8400.0,03/07/2026,04/07/2026,01/01/1970,12818,8400.00,03/07/2026,Adm No Not Match
515,16685,11000370431576,lVl,captured,8400.0,03/07/2026,04/07/2026,01/01/1970,12789,8400.00,03/07/2026,Adm No Not Match
516,17686,11000370450794,PREKGUKG,captured,7250.0,03/07/2026,04/07/2026,01/01/1970,12790,7250.00,03/07/2026,Adm No Not Match
517,17446,11000370492034,PREKGUKG,captured,7250.0,03/07/2026,04/07/2026,01/01/1970,12820,7250.00,03/07/2026,Adm No Not Match
518,17687,11000370494791,lVl,captured,9000.0,03/07/2026,04/07/2026,01/01/1970,12821,9000.00,03/07/2026,Adm No Not Match
519,17453,11000370644112,PREKGUKG,captured,7250.0,04/07/2026,06/07/2026,01/01/1970,12918,7250.00,04/07/2026,Adm No Not Match
520,17454,11000370643339,lVl,captured,8400.0,04/07/2026,06/07/2026,01/01/1970,12919,8400.00,04/07/2026,Adm No Not Match
521,17483,11000370877206,PREKGUKG,captured,7250.0,05/07/2026,06/07/2026,01/01/1970,13009,7250.00,05/07/2026,Adm No Not Match
522,17611,11000371074092,PREKGUKG,captured,6500.0,06/07/2026,07/07/2026,01/01/1970,13031,6500.00,06/07/2026,Adm No Not Match
523,17444,11000371012089,lVl,captured,8700.0,06/07/2026,07/07/2026,01/01/1970,13030,8700.00,06/07/2026,Adm No Not Match
524,17612,11000371075957,lVl,captured,8400.0,06/07/2026,07/07/2026,01/01/1970,13033,8400.00,06/07/2026,Adm No Not Match
525,17613,11000371077229,lVl,captured,8400.0,06/07/2026,07/07/2026,01/01/1970,13032,8400.00,06/07/2026,Adm No Not Match
526,17552,11000371077783,lVl,captured,8700.0,06/07/2026,07/07/2026,01/01/1970,13034,8700.00,06/07/2026,Adm No Not Match
527,16659,11000371141040,lVl,captured,26700.0,06/07/2026,07/07/2026,01/01/1970,13046,26700.00,06/07/2026,Adm No Not Match
528,17455,11000371178055,lVl,captured,8400.0,06/07/2026,07/07/2026,01/01/1970,13048,8400.00,06/07/2026,Adm No Not Match
529,16353,11000371165679,lVl,captured,8700.0,06/07/2026,07/07/2026,01/01/1970,13047,8700.00,06/07/2026,Adm No Not Match
530,16936,11000371276208,lVl,captured,8700.0,07/07/2026,08/07/2026,01/01/1970,13078,8700.00,07/07/2026,Adm No Not Match
531,17209,11000371263354,lVl,captured,8700.0,07/07/2026,08/07/2026,01/01/1970,13060,8700.00,07/07/2026,Adm No Not Match
532,17581,11000371266226,PREKGUKG,captured,7250.0,07/07/2026,08/07/2026,01/01/1970,13071,7250.00,07/07/2026,Adm No Not Match
533,17499,11000371319560,PREKGUKG,captured,7250.0,07/07/2026,08/07/2026,01/01/1970,13166,7250.00,07/07/2026,Adm No Not Match
534,17498,11000371320159,lVl,captured,9000.0,07/07/2026,08/07/2026,01/01/1970,13165,9000.00,07/07/2026,Adm No Not Match
535,17414,11000371326188,lVl,captured,8700.0,07/07/2026,08/07/2026,01/01/1970,13176,8700.00,07/07/2026,Adm No Not Match
536,17179,11000371328310,PREKGUKG,captured,7250.0,07/07/2026,08/07/2026,01/01/1970,13177,7250.00,07/07/2026,Adm No Not Match
537,17215,11000371437749,PREKGUKG,captured,7250.0,08/07/2026,09/07/2026,01/01/1970,13179,7250.00,08/07/2026,Adm No Not Match
538,17685,11000371454936,PREKGUKG,captured,7250.0,08/07/2026,09/07/2026,01/01/1970,13180,7250.00,08/07/2026,Adm No Not Match
539,16567,11000371626441,lVl,captured,8700.0,09/07/2026,10/07/2026,01/01/1970,13203,8700.00,09/07/2026,Adm No Not Match
540,17001,11000371625455,lVl,captured,8400.0,09/07/2026,10/07/2026,01/01/1970,13204,8400.00,09/07/2026,Adm No Not Match
541,17362,11000371713804,lVl,captured,9000.0,09/07/2026,10/07/2026,01/01/1970,13207,9000.00,09/07/2026,Adm No Not Match
542,17654,11000371809305,PREKGUKG,captured,6500.0,09/07/2026,10/07/2026,01/01/1970,13243,6500.00,09/07/2026,Adm No Not Match
543,17277,11000372059838,lVl,captured,9000.0,11/07/2026,13/07/2026,01/01/1970,13281,9000.00,11/07/2026,Adm No Not Match
544,17477,11000372295469,PREKGUKG,captured,7250.0,12/07/2026,13/07/2026,01/01/1970,13296,7250.00,12/07/2026,Adm No Not Match
545,16552,11000372271363,lVl,captured,8700.0,12/07/2026,13/07/2026,01/01/1970,13293,8700.00,12/07/2026,Adm No Not Match
546,17219,11000372261199,lVl,captured,8400.0,12/07/2026,13/07/2026,01/01/1970,13292,8400.00,12/07/2026,Adm No Not Match
547,17417,11000372274677,PREKGUKG,captured,6500.0,12/07/2026,13/07/2026,01/01/1970,13294,6500.00,12/07/2026,Adm No Not Match
548,16475,11000372182083,lVl,captured,9000.0,11/07/2026,13/07/2026,01/01/1970,13291,9000.00,11/07/2026,Adm No Not Match
549,15823,11000372145896,lVl,captured,9000.0,11/07/2026,13/07/2026,01/01/1970,13289,9000.00,11/07/2026,Adm No Not Match
550,16721,11000372146568,lVl,captured,8400.0,11/07/2026,13/07/2026,01/01/1970,13288,8400.00,11/07/2026,Adm No Not Match
551,17459,11000372131404,lVl,captured,8400.0,11/07/2026,13/07/2026,01/01/1970,13287,8400.00,11/07/2026,Adm No Not Match
552,17476,11000372295995,lVl,captured,9000.0,12/07/2026,13/07/2026,01/01/1970,13297,9000.00,12/07/2026,Adm No Not Match
553,15541,11000372114900,lVl,captured,9000.0,11/07/2026,13/07/2026,01/01/1970,13285,9000.00,11/07/2026,Adm No Not Match
554,16209,11000372067768,lVl,captured,9000.0,11/07/2026,13/07/2026,01/01/1970,13283,9000.00,11/07/2026,Adm No Not Match
555,17375,11000371993652,PREKGUKG,captured,7250.0,10/07/2026,13/07/2026,01/01/1970,13279,7250.00,10/07/2026,Adm No Not Match
556,17191,11000371968280,PREKGUKG,captured,7250.0,10/07/2026,13/07/2026,01/01/1970,13276,7250.00,10/07/2026,Adm No Not Match
557,17190,11000371966595,lVl,captured,8400.0,10/07/2026,13/07/2026,01/01/1970,13275,8400.00,10/07/2026,Adm No Not Match
558,16981,11000371975854,lVl,captured,8400.0,10/07/2026,13/07/2026,01/01/1970,13277,8400.00,10/07/2026,Adm No Not Match
559,16983,11000371977290,lVl,captured,9000.0,10/07/2026,13/07/2026,01/01/1970,13278,9000.00,10/07/2026,Adm No Not Match
560,15915,11000372274949,lVl,captured,9000.0,12/07/2026,13/07/2026,01/01/1970,13295,9000.00,12/07/2026,Adm No Not Match
561,17645,11000372367339,lVl,captured,9000.0,13/07/2026,14/07/2026,01/01/1970,13299,9000.00,13/07/2026,Adm No Not Match
562,16211,11000372485711,lVl,captured,9000.0,13/07/2026,14/07/2026,01/01/1970,13320,9000.00,13/07/2026,Adm No Not Match
563,17678,11000372542814,lVl,captured,8400.0,13/07/2026,14/07/2026,01/01/1970,13337,8400.00,13/07/2026,Adm No Not Match
564,15549,11000372534162,lVl,captured,9000.0,13/07/2026,14/07/2026,01/01/1970,13336,9000.00,13/07/2026,Adm No Not Match
565,17413,11000372439451,PREKGUKG,captured,7250.0,13/07/2026,14/07/2026,01/01/1970,13301,7250.00,13/07/2026,Adm No Not Match
566,17474,11000372597439,lVl,captured,9000.0,14/07/2026,15/07/2026,01/01/1970,13341,9000.00,14/07/2026,Adm No Not Match
567,16600,11000372581514,lVl,captured,8700.0,14/07/2026,15/07/2026,01/01/1970,13338,8700.00,14/07/2026,Adm No Not Match
568,16754,11000372593846,lVl,captured,8700.0,14/07/2026,15/07/2026,01/01/1970,13340,8700.00,14/07/2026,Adm No Not Match
569,17635,11000372602280,lVl,captured,9300.0,14/07/2026,15/07/2026,01/01/1970,13342,9300.00,14/07/2026,Adm No Not Match
570,15946,11000372621189,lVl,captured,600.0,14/07/2026,15/07/2026,01/01/1970,13343,600.00,14/07/2026,Adm No Not Match
571,16946,11000372732102,lVl,captured,8700.0,14/07/2026,15/07/2026,01/01/1970,13416,8700.00,14/07/2026,Adm No Not Match
572,16184,11000372774187,lVl,captured,9000.0,14/07/2026,15/07/2026,01/01/1970,13420,9000.00,14/07/2026,Adm No Not Match
573,16636,11000372711014,lVl,captured,8700.0,14/07/2026,15/07/2026,01/01/1970,13382,8700.00,14/07/2026,Adm No Not Match
574,16308,11000372709836,lVl,captured,8700.0,14/07/2026,15/07/2026,01/01/1970,13376,8700.00,14/07/2026,Adm No Not Match
575,17139,11000372787749,lVl,captured,9000.0,14/07/2026,15/07/2026,01/01/1970,13421,9000.00,14/07/2026,Adm No Not Match
576,17305,11000372748134,PREKGUKG,captured,7250.0,14/07/2026,15/07/2026,01/01/1970,13419,7250.00,14/07/2026,Adm No Not Match
577,17260,11000372739801,lVl,captured,9000.0,14/07/2026,15/07/2026,01/01/1970,13418,9000.00,14/07/2026,Adm No Not Match
578,17138,11000372788739,lVl,captured,8700.0,14/07/2026,15/07/2026,01/01/1970,13422,8700.00,14/07/2026,Adm No Not Match
579,17051,11000372832257,lVl,captured,9000.0,15/07/2026,16/07/2026,01/01/1970,13430,9000.00,15/07/2026,Adm No Not Match
580,17595,11000372806721,lVl,captured,9000.0,15/07/2026,16/07/2026,01/01/1970,13425,9000.00,15/07/2026,Adm No Not Match
581,16783,11000372811793,lVl,captured,9000.0,15/07/2026,16/07/2026,01/01/1970,13428,9000.00,15/07/2026,Adm No Not Match
582,17577,11000372928457,lVl,captured,9000.0,15/07/2026,16/07/2026,01/01/1970,13436,9000.00,15/07/2026,Adm No Not Match
583,15866,11000372954049,lVl,captured,9000.0,15/07/2026,16/07/2026,01/01/1970,13438,9000.00,15/07/2026,Adm No Not Match
584,17315,11000372961520,lVl,captured,8400.0,15/07/2026,16/07/2026,01/01/1970,13455,8400.00,15/07/2026,Adm No Not Match
585,17597,11000372961777,PREKGUKG,captured,7250.0,15/07/2026,16/07/2026,01/01/1970,13456,7250.00,15/07/2026,Adm No Not Match
586,16934,11000372831197,lVl,captured,8400.0,15/07/2026,16/07/2026,01/01/1970,13429,8400.00,15/07/2026,Adm No Not Match
587,17576,11000372929322,lVl,captured,8700.0,15/07/2026,16/07/2026,01/01/1970,13435,8700.00,15/07/2026,Adm No Not Match
588,17661,11000372996670,PREKGUKG,captured,7250.0,15/07/2026,16/07/2026,01/01/1970,13461,7250.00,15/07/2026,Adm No Not Match
589,17523,11000373011586,lVl,captured,18600.0,15/07/2026,16/07/2026,01/01/1970,13462,18600.00,15/07/2026,Adm No Not Match
590,15960,11000373132456,lVl,captured,9000.0,16/07/2026,17/07/2026,01/01/1970,13464,9000.00,16/07/2026,Adm No Not Match
591,17573,11000373097760,lVl,captured,8700.0,16/07/2026,17/07/2026,01/01/1970,13463,8700.00,16/07/2026,Adm No Not Match
592,17617,11000373198795,lVl,captured,8400.0,16/07/2026,17/07/2026,01/01/1970,13468,8400.00,16/07/2026,Adm No Not Match
593,17565,11000373148327,PREKGUKG,captured,7250.0,16/07/2026,17/07/2026,01/01/1970,13467,7250.00,16/07/2026,Adm No Not Match
594,17043,11000373141841,lVl,captured,9000.0,16/07/2026,17/07/2026,01/01/1970,13466,9000.00,16/07/2026,Adm No Not Match
595,17633,11000373484907,PREKGUKG,captured,7250.0,17/07/2026,18/07/2026,01/01/1970,13522,7250.00,17/07/2026,Adm No Not Match
596,17163,11000373792011,PREKGUKG,captured,7250.0,18/07/2026,20/07/2026,01/01/1970,13661,7250.00,18/07/2026,Adm No Not Match
597,17632,11000373603062,PREKGUKG,captured,6500.0,18/07/2026,20/07/2026,01/01/1970,13524,6500.00,18/07/2026,Adm No Not Match
598,17464,11000374170898,PREKGUKG,captured,7250.0,20/07/2026,21/07/2026,01/01/1970,13682,7250.00,20/07/2026,Adm No Not Match
599,17568,11000373932413,lVl,captured,8400.0,20/07/2026,21/07/2026,01/01/1970,13664,8400.00,20/07/2026,Adm No Not Match
600,16997,11000369952021,lVl,captured,8400.0,30/06/2026,01/07/2026,01/01/1970,12695,8400.00,30/06/2026,Adm No Not Match
601,17466,11000369870899,PREKGUKG,captured,6500.0,30/06/2026,01/07/2026,01/01/1970,12680,6500.00,30/06/2026,Adm No Not Match
602,17491,11000369762744,lVl,captured,9000.0,30/06/2026,01/07/2026,01/01/1970,12649,9000.00,30/06/2026,Adm No Not Match
603,17684,11000369809910,PREKGUKG,captured,6500.0,30/06/2026,01/07/2026,01/01/1970,12650,6500.00,30/06/2026,Adm No Not Match
604,17601,11000369977078,lVl,captured,8700.0,01/07/2026,02/07/2026,01/01/1970,12696,8700.00,01/07/2026,Adm No Not Match
605,17419,11000370033742,PREKGUKG,captured,7250.0,01/07/2026,02/07/2026,01/01/1970,12697,7250.00,01/07/2026,Adm No Not Match
606,17420,11000370034713,lVl,captured,8700.0,01/07/2026,02/07/2026,01/01/1970,12698,8700.00,01/07/2026,Adm No Not Match
607,17501,11000370146650,lVl,captured,8700.0,01/07/2026,02/07/2026,01/01/1970,12772,8700.00,01/07/2026,Adm No Not Match
608,17543,11000370169568,PREKGUKG,captured,7250.0,01/07/2026,02/07/2026,01/01/1970,12773,7250.00,01/07/2026,Adm No Not Match
609,17655,11000370330429,PREKGUKG,captured,6500.0,02/07/2026,04/07/2026,01/01/1970,12787,6500.00,02/07/2026,Adm No Not Match
610,17290,11000370320433,lVl,captured,8700.0,02/07/2026,04/07/2026,01/01/1970,12785,8700.00,02/07/2026,Adm No Not Match
611,17289,11000370319809,lVl,captured,8400.0,02/07/2026,04/07/2026,01/01/1970,12786,8400.00,02/07/2026,Adm No Not Match
612,17364,11000370248959,PREKGUKG,captured,7250.0,02/07/2026,04/07/2026,01/01/1970,12784,7250.00,02/07/2026,Adm No Not Match
613,17396,11000370453901,lVl,captured,8400.0,03/07/2026,04/07/2026,01/01/1970,12799,8400.00,03/07/2026,Adm No Not Match
614,17197,11000370484613,lVl,captured,8400.0,03/07/2026,04/07/2026,01/01/1970,12818,8400.00,03/07/2026,Adm No Not Match
615,16685,11000370431576,lVl,captured,8400.0,03/07/2026,04/07/2026,01/01/1970,12789,8400.00,03/07/2026,Adm No Not Match
616,17686,11000370450794,PREKGUKG,captured,7250.0,03/07/2026,04/07/2026,01/01/1970,12790,7250.00,03/07/2026,Adm No Not Match
617,17446,11000370492034,PREKGUKG,captured,7250.0,03/07/2026,04/07/2026,01/01/1970,12820,7250.00,03/07/2026,Adm No Not Match
618,17687,11000370494791,lVl,captured,9000.0,03/07/2026,04/07/2026,01/01/1970,12821,9000.00,03/07/2026,Adm No Not Match
619,17453,11000370644112,PREKGUKG,captured,7250.0,04/07/2026,06/07/2026,01/01/1970,12918,7250.00,04/07/2026,Adm No Not Match
620,17454,11000370643339,lVl,captured,8400.0,04/07/2026,06/07/2026,01/01/1970,12919,8400.00,04/07/2026,Adm No Not Match
621,17483,11000370877206,PREKGUKG,captured,7250.0,05/07/2026,06/07/2026,01/01/1970,13009,7250.00,05/07/2026,Adm No Not Match
622,17611,11000371074092,PREKGUKG,captured,6500.0,06/07/2026,07/07/2026,01/01/1970,13031,6500.00,06/07/2026,Adm No Not Match
623,17444,11000371012089,lVl,captured,8700.0,06/07/2026,07/07/2026,01/01/1970,13030,8700.00,06/07/2026,Adm No Not Match
624,17612,11000371075957,lVl,captured,8400.0,06/07/2026,07/07/2026,01/01/1970,13033,8400.00,06/07/2026,Adm No Not Match
625,17613,11000371077229,lVl,captured,8400.0,06/07/2026,07/07/2026,01/01/1970,13032,8400.00,06/07/2026,Adm No Not Match
626,17552,11000371077783,lVl,captured,8700.0,06/07/2026,07/07/2026,01/01/1970,13034,8700.00,06/07/2026,Adm No Not Match
627,16659,11000371141040,lVl,captured,26700.0,06/07/2026,07/07/2026,01/01/1970,13046,26700.00,06/07/2026,Adm No Not Match
628,17455,11000371178055,lVl,captured,8400.0,06/07/2026,07/07/2026,01/01/1970,13048,8400.00,06/07/2026,Adm No Not Match
629,16353,11000371165679,lVl,captured,8700.0,06/07/2026,07/07/2026,01/01/1970,13047,8700.00,06/07/2026,Adm No Not Match
630,16936,11000371276208,lVl,captured,8700.0,07/07/2026,08/07/2026,01/01/1970,13078,8700.00,07/07/2026,Adm No Not Match
631,17209,11000371263354,lVl,captured,8700.0,07/07/2026,08/07/2026,01/01/1970,13060,8700.00,07/07/2026,Adm No Not Match
632,17581,11000371266226,PREKGUKG,captured,7250.0,07/07/2026,08/07/2026,01/01/1970,13071,7250.00,07/07/2026,Adm No Not Match
633,17499,11000371319560,PREKGUKG,captured,7250.0,07/07/2026,08/07/2026,01/01/1970,13166,7250.00,07/07/2026,Adm No Not Match
634,17498,11000371320159,lVl,captured,9000.0,07/07/2026,08/07/2026,01/01/1970,13165,9000.00,07/07/2026,Adm No Not Match
635,17414,11000371326188,lVl,captured,8700.0,07/07/2026,08/07/2026,01/01/1970,13176,8700.00,07/07/2026,Adm No Not Match
636,17179,11000371328310,PREKGUKG,captured,7250.0,07/07/2026,08/07/2026,01/01/1970,13177,7250.00,07/07/2026,Adm No Not Match
637,17215,11000371437749,PREKGUKG,captured,7250.0,08/07/2026,09/07/2026,01/01/1970,13179,7250.00,08/07/2026,Adm No Not Match
638,17685,11000371454936,PREKGUKG,captured,7250.0,08/07/2026,09/07/2026,01/01/1970,13180,7250.00,08/07/2026,Adm No Not Match
639,16567,11000371626441,lVl,captured,8700.0,09/07/2026,10/07/2026,01/01/1970,13203,8700.00,09/07/2026,Adm No Not Match
640,17001,11000371625455,lVl,captured,8400.0,09/07/2026,10/07/2026,01/01/1970,13204,8400.00,09/07/2026,Adm No Not Match
641,17362,11000371713804,lVl,captured,9000.0,09/07/2026,10/07/2026,01/01/1970,13207,9000.00,09/07/2026,Adm No Not Match
642,17654,11000371809305,PREKGUKG,captured,6500.0,09/07/2026,10/07/2026,01/01/1970,13243,6500.00,09/07/2026,Adm No Not Match
643,17277,11000372059838,lVl,captured,9000.0,11/07/2026,13/07/2026,01/01/1970,13281,9000.00,11/07/2026,Adm No Not Match
644,17477,11000372295469,PREKGUKG,captured,7250.0,12/07/2026,13/07/2026,01/01/1970,13296,7250.00,12/07/2026,Adm No Not Match
645,16552,11000372271363,lVl,captured,8700.0,12/07/2026,13/07/2026,01/01/1970,13293,8700.00,12/07/2026,Adm No Not Match
646,17219,11000372261199,lVl,captured,8400.0,12/07/2026,13/07/2026,01/01/1970,13292,8400.00,12/07/2026,Adm No Not Match
647,17417,11000372274677,PREKGUKG,captured,6500.0,12/07/2026,13/07/2026,01/01/1970,13294,6500.00,12/07/2026,Adm No Not Match
648,16475,11000372182083,lVl,captured,9000.0,11/07/2026,13/07/2026,01/01/1970,13291,9000.00,11/07/2026,Adm No Not Match
649,15823,11000372145896,lVl,captured,9000.0,11/07/2026,13/07/2026,01/01/1970,13289,9000.00,11/07/2026,Adm No Not Match
650,16721,11000372146568,lVl,captured,8400.0,11/07/2026,13/07/2026,01/01/1970,13288,8400.00,11/07/2026,Adm No Not Match
651,17459,11000372131404,lVl,captured,8400.0,11/07/2026,13/07/2026,01/01/1970,13287,8400.00,11/07/2026,Adm No Not Match
652,17476,11000372295995,lVl,captured,9000.0,12/07/2026,13/07/2026,01/01/1970,13297,9000.00,12/07/2026,Adm No Not Match
653,15541,11000372114900,lVl,captured,9000.0,11/07/2026,13/07/2026,01/01/1970,13285,9000.00,11/07/2026,Adm No Not Match
654,16209,11000372067768,lVl,captured,9000.0,11/07/2026,13/07/2026,01/01/1970,13283,9000.00,11/07/2026,Adm No Not Match
655,17375,11000371993652,PREKGUKG,captured,7250.0,10/07/2026,13/07/2026,01/01/1970,13279,7250.00,10/07/2026,Adm No Not Match
656,17191,11000371968280,PREKGUKG,captured,7250.0,10/07/2026,13/07/2026,01/01/1970,13276,7250.00,10/07/2026,Adm No Not Match
657,17190,11000371966595,lVl,captured,8400.0,10/07/2026,13/07/2026,01/01/1970,13275,8400.00,10/07/2026,Adm No Not Match
658,16981,11000371975854,lVl,captured,8400.0,10/07/2026,13/07/2026,01/01/1970,13277,8400.00,10/07/2026,Adm No Not Match
659,16983,11000371977290,lVl,captured,9000.0,10/07/2026,13/07/2026,01/01/1970,13278,9000.00,10/07/2026,Adm No Not Match
660,15915,11000372274949,lVl,captured,9000.0,12/07/2026,13/07/2026,01/01/1970,13295,9000.00,12/07/2026,Adm No Not Match
661,17645,11000372367339,lVl,captured,9000.0,13/07/2026,14/07/2026,01/01/1970,13299,9000.00,13/07/2026,Adm No Not Match
662,16211,11000372485711,lVl,captured,9000.0,13/07/2026,14/07/2026,01/01/1970,13320,9000.00,13/07/2026,Adm No Not Match
663,17678,11000372542814,lVl,captured,8400.0,13/07/2026,14/07/2026,01/01/1970,13337,8400.00,13/07/2026,Adm No Not Match
664,15549,11000372534162,lVl,captured,9000.0,13/07/2026,14/07/2026,01/01/1970,13336,9000.00,13/07/2026,Adm No Not Match
665,17413,11000372439451,PREKGUKG,captured,7250.0,13/07/2026,14/07/2026,01/01/1970,13301,7250.00,13/07/2026,Adm No Not Match
666,17474,11000372597439,lVl,captured,9000.0,14/07/2026,15/07/2026,01/01/1970,13341,9000.00,14/07/2026,Adm No Not Match
667,16600,11000372581514,lVl,captured,8700.0,14/07/2026,15/07/2026,01/01/1970,13338,8700.00,14/07/2026,Adm No Not Match
668,16754,11000372593846,lVl,captured,8700.0,14/07/2026,15/07/2026,01/01/1970,13340,8700.00,14/07/2026,Adm No Not Match
669,17635,11000372602280,lVl,captured,9300.0,14/07/2026,15/07/2026,01/01/1970,13342,9300.00,14/07/2026,Adm No Not Match
670,15946,11000372621189,lVl,captured,600.0,14/07/2026,15/07/2026,01/01/1970,13343,600.00,14/07/2026,Adm No Not Match
671,16946,11000372732102,lVl,captured,8700.0,14/07/2026,15/07/2026,01/01/1970,13416,8700.00,14/07/2026,Adm No Not Match
672,16184,11000372774187,lVl,captured,9000.0,14/07/2026,15/07/2026,01/01/1970,13420,9000.00,14/07/2026,Adm No Not Match
673,16636,11000372711014,lVl,captured,8700.0,14/07/2026,15/07/2026,01/01/1970,13382,8700.00,14/07/2026,Adm No Not Match
674,16308,11000372709836,lVl,captured,8700.0,14/07/2026,15/07/2026,01/01/1970,13376,8700.00,14/07/2026,Adm No Not Match
675,17139,11000372787749,lVl,captured,9000.0,14/07/2026,15/07/2026,01/01/1970,13421,9000.00,14/07/2026,Adm No Not Match
676,17305,11000372748134,PREKGUKG,captured,7250.0,14/07/2026,15/07/2026,01/01/1970,13419,7250.00,14/07/2026,Adm No Not Match
677,17260,11000372739801,lVl,captured,9000.0,14/07/2026,15/07/2026,01/01/1970,13418,9000.00,14/07/2026,Adm No Not Match
678,17138,11000372788739,lVl,captured,8700.0,14/07/2026,15/07/2026,01/01/1970,13422,8700.00,14/07/2026,Adm No Not Match
679,17051,11000372832257,lVl,captured,9000.0,15/07/2026,16/07/2026,01/01/1970,13430,9000.00,15/07/2026,Adm No Not Match
680,17595,11000372806721,lVl,captured,9000.0,15/07/2026,16/07/2026,01/01/1970,13425,9000.00,15/07/2026,Adm No Not Match
681,16783,11000372811793,lVl,captured,9000.0,15/07/2026,16/07/2026,01/01/1970,13428,9000.00,15/07/2026,Adm No Not Match
682,17577,11000372928457,lVl,captured,9000.0,15/07/2026,16/07/2026,01/01/1970,13436,9000.00,15/07/2026,Adm No Not Match
683,15866,11000372954049,lVl,captured,9000.0,15/07/2026,16/07/2026,01/01/1970,13438,9000.00,15/07/2026,Adm No Not Match
684,17315,11000372961520,lVl,captured,8400.0,15/07/2026,16/07/2026,01/01/1970,13455,8400.00,15/07/2026,Adm No Not Match
685,17597,11000372961777,PREKGUKG,captured,7250.0,15/07/2026,16/07/2026,01/01/1970,13456,7250.00,15/07/2026,Adm No Not Match
686,16934,11000372831197,lVl,captured,8400.0,15/07/2026,16/07/2026,01/01/1970,13429,8400.00,15/07/2026,Adm No Not Match
687,17576,11000372929322,lVl,captured,8700.0,15/07/2026,16/07/2026,01/01/1970,13435,8700.00,15/07/2026,Adm No Not Match
688,17661,11000372996670,PREKGUKG,captured,7250.0,15/07/2026,16/07/2026,01/01/1970,13461,7250.00,15/07/2026,Adm No Not Match
689,17523,11000373011586,lVl,captured,18600.0,15/07/2026,16/07/2026,01/01/1970,13462,18600.00,15/07/2026,Adm No Not Match
690,15960,11000373132456,lVl,captured,9000.0,16/07/2026,17/07/2026,01/01/1970,13464,9000.00,16/07/2026,Adm No Not Match
691,17573,11000373097760,lVl,captured,8700.0,16/07/2026,17/07/2026,01/01/1970,13463,8700.00,16/07/2026,Adm No Not Match
692,17617,11000373198795,lVl,captured,8400.0,16/07/2026,17/07/2026,01/01/1970,13468,8400.00,16/07/2026,Adm No Not Match
693,17565,11000373148327,PREKGUKG,captured,7250.0,16/07/2026,17/07/2026,01/01/1970,13467,7250.00,16/07/2026,Adm No Not Match
694,17043,11000373141841,lVl,captured,9000.0,16/07/2026,17/07/2026,01/01/1970,13466,9000.00,16/07/2026,Adm No Not Match
695,17633,11000373484907,PREKGUKG,captured,7250.0,17/07/2026,18/07/2026,01/01/1970,13522,7250.00,17/07/2026,Adm No Not Match
696,17163,11000373792011,PREKGUKG,captured,7250.0,18/07/2026,20/07/2026,01/01/1970,13661,7250.00,18/07/2026,Adm No Not Match
697,17632,11000373603062,PREKGUKG,captured,6500.0,18/07/2026,20/07/2026,01/01/1970,13524,6500.00,18/07/2026,Adm No Not Match
698,17464,11000374170898,PREKGUKG,captured,7250.0,20/07/2026,21/07/2026,01/01/1970,13682,7250.00,20/07/2026,Adm No Not Match
699,17568,11000373932413,lVl,captured,8400.0,20/07/2026,21/07/2026,01/01/1970,13664,8400.00,20/07/2026,Adm No Not Match
700,17401,11000374269061,PREKGUKG,captured,7250.0,21/07/2026,22/07/2026,01/01/1970,13684,7250.00,21/07/2026,Adm No Not Match
701,16831,11000374272652,lVl,captured,8400.0,21/07/2026,22/07/2026,01/01/1970,13687,8400.00,21/07/2026,Adm No Not Match
702,16966,11000374330041,PREKGUKG,captured,6750.0,21/07/2026,22/07/2026,01/01/1970,13691,6750.00,21/07/2026,Adm No Not Match
703,17562,11000374323565,PREKGUKG,captured,7250.0,21/07/2026,22/07/2026,01/01/1970,13690,7250.00,21/07/2026,Adm No Not Match
704,17424,11000374271394,PREKGUKG,captured,6500.0,21/07/2026,22/07/2026,01/01/1970,13686,6500.00,21/07/2026,Adm No Not Match
705,17423,11000374270731,PREKGUKG,captured,7250.0,21/07/2026,22/07/2026,01/01/1970,13685,7250.00,21/07/2026,Adm No Not Match
706,17590,11000374273904,PREKGUKG,captured,7250.0,21/07/2026,22/07/2026,01/01/1970,13688,7250.00,21/07/2026,Adm No Not Match
707,17201,11000374344315,lVl,captured,8400.0,21/07/2026,22/07/2026,01/01/1970,13703,8400.00,21/07/2026,Adm No Not Match
708,16548,11000374445892,lVl,captured,9000.0,22/07/2026,23/07/2026,01/01/1970,13718,9000.00,22/07/2026,Adm No Not Match
709,17676,11000374447782,PREKGUKG,captured,7250.0,22/07/2026,23/07/2026,01/01/1970,13719,7250.00,22/07/2026,Adm No Not Match
710,17658,11000374445012,PREKGUKG,captured,7250.0,22/07/2026,23/07/2026,01/01/1970,13717,7250.00,22/07/2026,Adm No Not Match
711,17201,11000374470710,lVl,captured,8400.0,22/07/2026,23/07/2026,01/01/1970,13721,8400.00,22/07/2026,Adm No Not Match
712,17698,11000374521392,lVl,captured,8400.0,22/07/2026,23/07/2026,01/01/1970,13724,8400.00,22/07/2026,Adm No Not Match
713,17400,11000374543686,PREKGUKG,captured,7250.0,22/07/2026,23/07/2026,01/01/1970,13726,7250.00,22/07/2026,Adm No Not Match
714,15824,11000374425570,lVl,captured,9000.0,22/07/2026,23/07/2026,01/01/1970,13713,9000.00,22/07/2026,Adm No Not Match
715,16974,11000374532416,lVl,captured,8700.0,22/07/2026,23/07/2026,01/01/1970,13725,8700.00,22/07/2026,Adm No Not Match
716,15824,11000374425269,lVl,captured,600.0,22/07/2026,23/07/2026,01/01/1970,13714,600.00,22/07/2026,Adm No Not Match
717,17634,11000374449988,lVl,captured,8400.0,22/07/2026,23/07/2026,01/01/1970,13720,8400.00,22/07/2026,Adm No Not Match
718,17470,11000374410889,PREKGUKG,captured,7250.0,22/07/2026,23/07/2026,01/01/1970,13712,7250.00,22/07/2026,Adm No Not Match
719,17541,11000374682440,lVl,captured,9000.0,23/07/2026,24/07/2026,01/01/1970,13760,9000.00,23/07/2026,Adm No Not Match
720,16411,11000374627604,lVl,captured,600.0,23/07/2026,24/07/2026,01/01/1970,13745,600.00,23/07/2026,Adm No Not Match
721,17212,11000374617910,lVl,captured,8400.0,23/07/2026,24/07/2026,01/01/1970,13744,8400.00,23/07/2026,Adm No Not Match
722,17439,11000374614945,PREKGUKG,captured,6500.0,23/07/2026,24/07/2026,01/01/1970,13742,6500.00,23/07/2026,Adm No Not Match
723,15236,11000374604770,lVl,captured,8350.0,23/07/2026,24/07/2026,01/01/1970,13739,8350.00,23/07/2026,Adm No Not Match
724,16246,11000374605355,lVl,captured,8050.0,23/07/2026,24/07/2026,01/01/1970,13738,8050.00,23/07/2026,Adm No Not Match
725,16411,11000374576298,lVl,captured,17400.0,23/07/2026,24/07/2026,01/01/1970,13727,17400.00,23/07/2026,Adm No Not Match
726,16120,11000374658732,lVl,captured,8350.0,23/07/2026,24/07/2026,01/01/1970,13746,8350.00,23/07/2026,Adm No Not Match
727,16351,11000374910056,lVl,captured,8700.0,25/07/2026,27/07/2026,01/01/1970,13812,8700.00,25/07/2026,Adm No Not Match
728,16673,11000375016744,lVl,captured,8400.0,26/07/2026,27/07/2026,01/01/1970,13818,8400.00,26/07/2026,Adm No Not Match
729,16404,11000374938004,lVl,captured,8050.0,25/07/2026,27/07/2026,01/01/1970,13815,8050.00,25/07/2026,Adm No Not Match
730,17247,11000374898465,lVl,captured,8400.0,25/07/2026,27/07/2026,01/01/1970,13811,8400.00,25/07/2026,Adm No Not Match
731,17524,11000374952523,lVl,captured,8700.0,25/07/2026,27/07/2026,01/01/1970,13817,8700.00,25/07/2026,Adm No Not Match
732,17609,11000374944254,PREKGUKG,captured,6500.0,25/07/2026,27/07/2026,01/01/1970,13816,6500.00,25/07/2026,Adm No Not Match
733,16220,11000375323139,lVl,captured,9000.0,28/07/2026,29/07/2026,01/01/1970,13823,9000.00,28/07/2026,Adm No Not Match
734,17454,11000375336242,lVl,captured,8400.0,28/07/2026,29/07/2026,01/01/1970,13824,8400.00,28/07/2026,Adm No Not Match
735,16989,11000375320298,lVl,captured,8700.0,28/07/2026,29/07/2026,01/01/1970,13822,8700.00,28/07/2026,Adm No Not Match
736,17643,11000375377607,PREKGUKG,captured,7250.0,28/07/2026,29/07/2026,01/01/1970,13826,7250.00,28/07/2026,Adm No Not Match
737,17453,11000375338199,PREKGUKG,captured,7250.0,28/07/2026,29/07/2026,01/01/1970,13825,7250.00,28/07/2026,Adm No Not Match
738,16997,11000369952021,lVl,captured,8400.0,30/06/2026,01/07/2026,01/01/1970,12695,8400.00,30/06/2026,Adm No Not Match
739,17466,11000369870899,PREKGUKG,captured,6500.0,30/06/2026,01/07/2026,01/01/1970,12680,6500.00,30/06/2026,Adm No Not Match
740,17491,11000369762744,lVl,captured,9000.0,30/06/2026,01/07/2026,01/01/1970,12649,9000.00,30/06/2026,Adm No Not Match
741,17684,11000369809910,PREKGUKG,captured,6500.0,30/06/2026,01/07/2026,01/01/1970,12650,6500.00,30/06/2026,Adm No Not Match
742,17601,11000369977078,lVl,captured,8700.0,01/07/2026,02/07/2026,01/01/1970,12696,8700.00,01/07/2026,Adm No Not Match
743,17419,11000370033742,PREKGUKG,captured,7250.0,01/07/2026,02/07/2026,01/01/1970,12697,7250.00,01/07/2026,Adm No Not Match
744,17420,11000370034713,lVl,captured,8700.0,01/07/2026,02/07/2026,01/01/1970,12698,8700.00,01/07/2026,Adm No Not Match
745,17501,11000370146650,lVl,captured,8700.0,01/07/2026,02/07/2026,01/01/1970,12772,8700.00,01/07/2026,Adm No Not Match
746,17543,11000370169568,PREKGUKG,captured,7250.0,01/07/2026,02/07/2026,01/01/1970,12773,7250.00,01/07/2026,Adm No Not Match
747,17655,11000370330429,PREKGUKG,captured,6500.0,02/07/2026,04/07/2026,01/01/1970,12787,6500.00,02/07/2026,Adm No Not Match
748,17290,11000370320433,lVl,captured,8700.0,02/07/2026,04/07/2026,01/01/1970,12785,8700.00,02/07/2026,Adm No Not Match
749,17289,11000370319809,lVl,captured,8400.0,02/07/2026,04/07/2026,01/01/1970,12786,8400.00,02/07/2026,Adm No Not Match
750,17364,11000370248959,PREKGUKG,captured,7250.0,02/07/2026,04/07/2026,01/01/1970,12784,7250.00,02/07/2026,Adm No Not Match
751,17396,11000370453901,lVl,captured,8400.0,03/07/2026,04/07/2026,01/01/1970,12799,8400.00,03/07/2026,Adm No Not Match
752,17197,11000370484613,lVl,captured,8400.0,03/07/2026,04/07/2026,01/01/1970,12818,8400.00,03/07/2026,Adm No Not Match
753,16685,11000370431576,lVl,captured,8400.0,03/07/2026,04/07/2026,01/01/1970,12789,8400.00,03/07/2026,Adm No Not Match
754,17686,11000370450794,PREKGUKG,captured,7250.0,03/07/2026,04/07/2026,01/01/1970,12790,7250.00,03/07/2026,Adm No Not Match
755,17446,11000370492034,PREKGUKG,captured,7250.0,03/07/2026,04/07/2026,01/01/1970,12820,7250.00,03/07/2026,Adm No Not Match
756,17687,11000370494791,lVl,captured,9000.0,03/07/2026,04/07/2026,01/01/1970,12821,9000.00,03/07/2026,Adm No Not Match
757,17453,11000370644112,PREKGUKG,captured,7250.0,04/07/2026,06/07/2026,01/01/1970,12918,7250.00,04/07/2026,Adm No Not Match
758,17454,11000370643339,lVl,captured,8400.0,04/07/2026,06/07/2026,01/01/1970,12919,8400.00,04/07/2026,Adm No Not Match
759,17483,11000370877206,PREKGUKG,captured,7250.0,05/07/2026,06/07/2026,01/01/1970,13009,7250.00,05/07/2026,Adm No Not Match
760,17611,11000371074092,PREKGUKG,captured,6500.0,06/07/2026,07/07/2026,01/01/1970,13031,6500.00,06/07/2026,Adm No Not Match
761,17444,11000371012089,lVl,captured,8700.0,06/07/2026,07/07/2026,01/01/1970,13030,8700.00,06/07/2026,Adm No Not Match
762,17612,11000371075957,lVl,captured,8400.0,06/07/2026,07/07/2026,01/01/1970,13033,8400.00,06/07/2026,Adm No Not Match
763,17613,11000371077229,lVl,captured,8400.0,06/07/2026,07/07/2026,01/01/1970,13032,8400.00,06/07/2026,Adm No Not Match
764,17552,11000371077783,lVl,captured,8700.0,06/07/2026,07/07/2026,01/01/1970,13034,8700.00,06/07/2026,Adm No Not Match
765,16659,11000371141040,lVl,captured,26700.0,06/07/2026,07/07/2026,01/01/1970,13046,26700.00,06/07/2026,Adm No Not Match
766,17455,11000371178055,lVl,captured,8400.0,06/07/2026,07/07/2026,01/01/1970,13048,8400.00,06/07/2026,Adm No Not Match
767,16353,11000371165679,lVl,captured,8700.0,06/07/2026,07/07/2026,01/01/1970,13047,8700.00,06/07/2026,Adm No Not Match
768,16936,11000371276208,lVl,captured,8700.0,07/07/2026,08/07/2026,01/01/1970,13078,8700.00,07/07/2026,Adm No Not Match
769,17209,11000371263354,lVl,captured,8700.0,07/07/2026,08/07/2026,01/01/1970,13060,8700.00,07/07/2026,Adm No Not Match
770,17581,11000371266226,PREKGUKG,captured,7250.0,07/07/2026,08/07/2026,01/01/1970,13071,7250.00,07/07/2026,Adm No Not Match
771,17499,11000371319560,PREKGUKG,captured,7250.0,07/07/2026,08/07/2026,01/01/1970,13166,7250.00,07/07/2026,Adm No Not Match
772,17498,11000371320159,lVl,captured,9000.0,07/07/2026,08/07/2026,01/01/1970,13165,9000.00,07/07/2026,Adm No Not Match
773,17414,11000371326188,lVl,captured,8700.0,07/07/2026,08/07/2026,01/01/1970,13176,8700.00,07/07/2026,Adm No Not Match
774,17179,11000371328310,PREKGUKG,captured,7250.0,07/07/2026,08/07/2026,01/01/1970,13177,7250.00,07/07/2026,Adm No Not Match
775,17215,11000371437749,PREKGUKG,captured,7250.0,08/07/2026,09/07/2026,01/01/1970,13179,7250.00,08/07/2026,Adm No Not Match
776,17685,11000371454936,PREKGUKG,captured,7250.0,08/07/2026,09/07/2026,01/01/1970,13180,7250.00,08/07/2026,Adm No Not Match
777,16567,11000371626441,lVl,captured,8700.0,09/07/2026,10/07/2026,01/01/1970,13203,8700.00,09/07/2026,Adm No Not Match
778,17001,11000371625455,lVl,captured,8400.0,09/07/2026,10/07/2026,01/01/1970,13204,8400.00,09/07/2026,Adm No Not Match
779,17362,11000371713804,lVl,captured,9000.0,09/07/2026,10/07/2026,01/01/1970,13207,9000.00,09/07/2026,Adm No Not Match
780,17654,11000371809305,PREKGUKG,captured,6500.0,09/07/2026,10/07/2026,01/01/1970,13243,6500.00,09/07/2026,Adm No Not Match
781,17277,11000372059838,lVl,captured,9000.0,11/07/2026,13/07/2026,01/01/1970,13281,9000.00,11/07/2026,Adm No Not Match
782,17477,11000372295469,PREKGUKG,captured,7250.0,12/07/2026,13/07/2026,01/01/1970,13296,7250.00,12/07/2026,Adm No Not Match
783,16552,11000372271363,lVl,captured,8700.0,12/07/2026,13/07/2026,01/01/1970,13293,8700.00,12/07/2026,Adm No Not Match
784,17219,11000372261199,lVl,captured,8400.0,12/07/2026,13/07/2026,01/01/1970,13292,8400.00,12/07/2026,Adm No Not Match
785,17417,11000372274677,PREKGUKG,captured,6500.0,12/07/2026,13/07/2026,01/01/1970,13294,6500.00,12/07/2026,Adm No Not Match
786,16475,11000372182083,lVl,captured,9000.0,11/07/2026,13/07/2026,01/01/1970,13291,9000.00,11/07/2026,Adm No Not Match
787,15823,11000372145896,lVl,captured,9000.0,11/07/2026,13/07/2026,01/01/1970,13289,9000.00,11/07/2026,Adm No Not Match
788,16721,11000372146568,lVl,captured,8400.0,11/07/2026,13/07/2026,01/01/1970,13288,8400.00,11/07/2026,Adm No Not Match
789,17459,11000372131404,lVl,captured,8400.0,11/07/2026,13/07/2026,01/01/1970,13287,8400.00,11/07/2026,Adm No Not Match
790,17476,11000372295995,lVl,captured,9000.0,12/07/2026,13/07/2026,01/01/1970,13297,9000.00,12/07/2026,Adm No Not Match
791,15541,11000372114900,lVl,captured,9000.0,11/07/2026,13/07/2026,01/01/1970,13285,9000.00,11/07/2026,Adm No Not Match
792,16209,11000372067768,lVl,captured,9000.0,11/07/2026,13/07/2026,01/01/1970,13283,9000.00,11/07/2026,Adm No Not Match
793,17375,11000371993652,PREKGUKG,captured,7250.0,10/07/2026,13/07/2026,01/01/1970,13279,7250.00,10/07/2026,Adm No Not Match
794,17191,11000371968280,PREKGUKG,captured,7250.0,10/07/2026,13/07/2026,01/01/1970,13276,7250.00,10/07/2026,Adm No Not Match
795,17190,11000371966595,lVl,captured,8400.0,10/07/2026,13/07/2026,01/01/1970,13275,8400.00,10/07/2026,Adm No Not Match
796,16981,11000371975854,lVl,captured,8400.0,10/07/2026,13/07/2026,01/01/1970,13277,8400.00,10/07/2026,Adm No Not Match
797,16983,11000371977290,lVl,captured,9000.0,10/07/2026,13/07/2026,01/01/1970,13278,9000.00,10/07/2026,Adm No Not Match
798,15915,11000372274949,lVl,captured,9000.0,12/07/2026,13/07/2026,01/01/1970,13295,9000.00,12/07/2026,Adm No Not Match
799,17645,11000372367339,lVl,captured,9000.0,13/07/2026,14/07/2026,01/01/1970,13299,9000.00,13/07/2026,Adm No Not Match
800,16211,11000372485711,lVl,captured,9000.0,13/07/2026,14/07/2026,01/01/1970,13320,9000.00,13/07/2026,Adm No Not Match
801,17678,11000372542814,lVl,captured,8400.0,13/07/2026,14/07/2026,01/01/1970,13337,8400.00,13/07/2026,Adm No Not Match
802,15549,11000372534162,lVl,captured,9000.0,13/07/2026,14/07/2026,01/01/1970,13336,9000.00,13/07/2026,Adm No Not Match
803,17413,11000372439451,PREKGUKG,captured,7250.0,13/07/2026,14/07/2026,01/01/1970,13301,7250.00,13/07/2026,Adm No Not Match
804,17474,11000372597439,lVl,captured,9000.0,14/07/2026,15/07/2026,01/01/1970,13341,9000.00,14/07/2026,Adm No Not Match
805,16600,11000372581514,lVl,captured,8700.0,14/07/2026,15/07/2026,01/01/1970,13338,8700.00,14/07/2026,Adm No Not Match
806,16754,11000372593846,lVl,captured,8700.0,14/07/2026,15/07/2026,01/01/1970,13340,8700.00,14/07/2026,Adm No Not Match
807,17635,11000372602280,lVl,captured,9300.0,14/07/2026,15/07/2026,01/01/1970,13342,9300.00,14/07/2026,Adm No Not Match
808,15946,11000372621189,lVl,captured,600.0,14/07/2026,15/07/2026,01/01/1970,13343,600.00,14/07/2026,Adm No Not Match
809,16946,11000372732102,lVl,captured,8700.0,14/07/2026,15/07/2026,01/01/1970,13416,8700.00,14/07/2026,Adm No Not Match
810,16184,11000372774187,lVl,captured,9000.0,14/07/2026,15/07/2026,01/01/1970,13420,9000.00,14/07/2026,Adm No Not Match
811,16636,11000372711014,lVl,captured,8700.0,14/07/2026,15/07/2026,01/01/1970,13382,8700.00,14/07/2026,Adm No Not Match
812,16308,11000372709836,lVl,captured,8700.0,14/07/2026,15/07/2026,01/01/1970,13376,8700.00,14/07/2026,Adm No Not Match
813,17139,11000372787749,lVl,captured,9000.0,14/07/2026,15/07/2026,01/01/1970,13421,9000.00,14/07/2026,Adm No Not Match
814,17305,11000372748134,PREKGUKG,captured,7250.0,14/07/2026,15/07/2026,01/01/1970,13419,7250.00,14/07/2026,Adm No Not Match
815,17260,11000372739801,lVl,captured,9000.0,14/07/2026,15/07/2026,01/01/1970,13418,9000.00,14/07/2026,Adm No Not Match
816,17138,11000372788739,lVl,captured,8700.0,14/07/2026,15/07/2026,01/01/1970,13422,8700.00,14/07/2026,Adm No Not Match
817,17051,11000372832257,lVl,captured,9000.0,15/07/2026,16/07/2026,01/01/1970,13430,9000.00,15/07/2026,Adm No Not Match
818,17595,11000372806721,lVl,captured,9000.0,15/07/2026,16/07/2026,01/01/1970,13425,9000.00,15/07/2026,Adm No Not Match
819,16783,11000372811793,lVl,captured,9000.0,15/07/2026,16/07/2026,01/01/1970,13428,9000.00,15/07/2026,Adm No Not Match
820,17577,11000372928457,lVl,captured,9000.0,15/07/2026,16/07/2026,01/01/1970,13436,9000.00,15/07/2026,Adm No Not Match
821,15866,11000372954049,lVl,captured,9000.0,15/07/2026,16/07/2026,01/01/1970,13438,9000.00,15/07/2026,Adm No Not Match
822,17315,11000372961520,lVl,captured,8400.0,15/07/2026,16/07/2026,01/01/1970,13455,8400.00,15/07/2026,Adm No Not Match
823,17597,11000372961777,PREKGUKG,captured,7250.0,15/07/2026,16/07/2026,01/01/1970,13456,7250.00,15/07/2026,Adm No Not Match
824,16934,11000372831197,lVl,captured,8400.0,15/07/2026,16/07/2026,01/01/1970,13429,8400.00,15/07/2026,Adm No Not Match
825,17576,11000372929322,lVl,captured,8700.0,15/07/2026,16/07/2026,01/01/1970,13435,8700.00,15/07/2026,Adm No Not Match
826,17661,11000372996670,PREKGUKG,captured,7250.0,15/07/2026,16/07/2026,01/01/1970,13461,7250.00,15/07/2026,Adm No Not Match
827,17523,11000373011586,lVl,captured,18600.0,15/07/2026,16/07/2026,01/01/1970,13462,18600.00,15/07/2026,Adm No Not Match
828,15960,11000373132456,lVl,captured,9000.0,16/07/2026,17/07/2026,01/01/1970,13464,9000.00,16/07/2026,Adm No Not Match
829,17573,11000373097760,lVl,captured,8700.0,16/07/2026,17/07/2026,01/01/1970,13463,8700.00,16/07/2026,Adm No Not Match
830,17617,11000373198795,lVl,captured,8400.0,16/07/2026,17/07/2026,01/01/1970,13468,8400.00,16/07/2026,Adm No Not Match
831,17565,11000373148327,PREKGUKG,captured,7250.0,16/07/2026,17/07/2026,01/01/1970,13467,7250.00,16/07/2026,Adm No Not Match
832,17043,11000373141841,lVl,captured,9000.0,16/07/2026,17/07/2026,01/01/1970,13466,9000.00,16/07/2026,Adm No Not Match
833,17633,11000373484907,PREKGUKG,captured,7250.0,17/07/2026,18/07/2026,01/01/1970,13522,7250.00,17/07/2026,Adm No Not Match
834,17163,11000373792011,PREKGUKG,captured,7250.0,18/07/2026,20/07/2026,01/01/1970,13661,7250.00,18/07/2026,Adm No Not Match
835,17632,11000373603062,PREKGUKG,captured,6500.0,18/07/2026,20/07/2026,01/01/1970,13524,6500.00,18/07/2026,Adm No Not Match
836,17464,11000374170898,PREKGUKG,captured,7250.0,20/07/2026,21/07/2026,01/01/1970,13682,7250.00,20/07/2026,Adm No Not Match
837,17568,11000373932413,lVl,captured,8400.0,20/07/2026,21/07/2026,01/01/1970,13664,8400.00,20/07/2026,Adm No Not Match
838,17401,11000374269061,PREKGUKG,captured,7250.0,21/07/2026,22/07/2026,01/01/1970,13684,7250.00,21/07/2026,Adm No Not Match
839,16831,11000374272652,lVl,captured,8400.0,21/07/2026,22/07/2026,01/01/1970,13687,8400.00,21/07/2026,Adm No Not Match
840,16966,11000374330041,PREKGUKG,captured,6750.0,21/07/2026,22/07/2026,01/01/1970,13691,6750.00,21/07/2026,Adm No Not Match
841,17562,11000374323565,PREKGUKG,captured,7250.0,21/07/2026,22/07/2026,01/01/1970,13690,7250.00,21/07/2026,Adm No Not Match
842,17424,11000374271394,PREKGUKG,captured,6500.0,21/07/2026,22/07/2026,01/01/1970,13686,6500.00,21/07/2026,Adm No Not Match
843,17423,11000374270731,PREKGUKG,captured,7250.0,21/07/2026,22/07/2026,01/01/1970,13685,7250.00,21/07/2026,Adm No Not Match
844,17590,11000374273904,PREKGUKG,captured,7250.0,21/07/2026,22/07/2026,01/01/1970,13688,7250.00,21/07/2026,Adm No Not Match
845,17201,11000374344315,lVl,captured,8400.0,21/07/2026,22/07/2026,01/01/1970,13703,8400.00,21/07/2026,Adm No Not Match
846,16548,11000374445892,lVl,captured,9000.0,22/07/2026,23/07/2026,01/01/1970,13718,9000.00,22/07/2026,Adm No Not Match
847,17676,11000374447782,PREKGUKG,captured,7250.0,22/07/2026,23/07/2026,01/01/1970,13719,7250.00,22/07/2026,Adm No Not Match
848,17658,11000374445012,PREKGUKG,captured,7250.0,22/07/2026,23/07/2026,01/01/1970,13717,7250.00,22/07/2026,Adm No Not Match
849,17201,11000374470710,lVl,captured,8400.0,22/07/2026,23/07/2026,01/01/1970,13721,8400.00,22/07/2026,Adm No Not Match
850,17698,11000374521392,lVl,captured,8400.0,22/07/2026,23/07/2026,01/01/1970,13724,8400.00,22/07/2026,Adm No Not Match
851,17400,11000374543686,PREKGUKG,captured,7250.0,22/07/2026,23/07/2026,01/01/1970,13726,7250.00,22/07/2026,Adm No Not Match
852,15824,11000374425570,lVl,captured,9000.0,22/07/2026,23/07/2026,01/01/1970,13713,9000.00,22/07/2026,Adm No Not Match
853,16974,11000374532416,lVl,captured,8700.0,22/07/2026,23/07/2026,01/01/1970,13725,8700.00,22/07/2026,Adm No Not Match
854,15824,11000374425269,lVl,captured,600.0,22/07/2026,23/07/2026,01/01/1970,13714,600.00,22/07/2026,Adm No Not Match
855,17634,11000374449988,lVl,captured,8400.0,22/07/2026,23/07/2026,01/01/1970,13720,8400.00,22/07/2026,Adm No Not Match
856,17470,11000374410889,PREKGUKG,captured,7250.0,22/07/2026,23/07/2026,01/01/1970,13712,7250.00,22/07/2026,Adm No Not Match
857,17541,11000374682440,lVl,captured,9000.0,23/07/2026,24/07/2026,01/01/1970,13760,9000.00,23/07/2026,Adm No Not Match
858,16411,11000374627604,lVl,captured,600.0,23/07/2026,24/07/2026,01/01/1970,13745,600.00,23/07/2026,Adm No Not Match
859,17212,11000374617910,lVl,captured,8400.0,23/07/2026,24/07/2026,01/01/1970,13744,8400.00,23/07/2026,Adm No Not Match
860,17439,11000374614945,PREKGUKG,captured,6500.0,23/07/2026,24/07/2026,01/01/1970,13742,6500.00,23/07/2026,Adm No Not Match
861,15236,11000374604770,lVl,captured,8350.0,23/07/2026,24/07/2026,01/01/1970,13739,8350.00,23/07/2026,Adm No Not Match
862,16246,11000374605355,lVl,captured,8050.0,23/07/2026,24/07/2026,01/01/1970,13738,8050.00,23/07/2026,Adm No Not Match
863,16411,11000374576298,lVl,captured,17400.0,23/07/2026,24/07/2026,01/01/1970,13727,17400.00,23/07/2026,Adm No Not Match
864,16120,11000374658732,lVl,captured,8350.0,23/07/2026,24/07/2026,01/01/1970,13746,8350.00,23/07/2026,Adm No Not Match
865,16351,11000374910056,lVl,captured,8700.0,25/07/2026,27/07/2026,01/01/1970,13812,8700.00,25/07/2026,Adm No Not Match
866,16673,11000375016744,lVl,captured,8400.0,26/07/2026,27/07/2026,01/01/1970,13818,8400.00,26/07/2026,Adm No Not Match
867,16404,11000374938004,lVl,captured,8050.0,25/07/2026,27/07/2026,01/01/1970,13815,8050.00,25/07/2026,Adm No Not Match
868,17247,11000374898465,lVl,captured,8400.0,25/07/2026,27/07/2026,01/01/1970,13811,8400.00,25/07/2026,Adm No Not Match
869,17524,11000374952523,lVl,captured,8700.0,25/07/2026,27/07/2026,01/01/1970,13817,8700.00,25/07/2026,Adm No Not Match
870,17609,11000374944254,PREKGUKG,captured,6500.0,25/07/2026,27/07/2026,01/01/1970,13816,6500.00,25/07/2026,Adm No Not Match
871,16220,11000375323139,lVl,captured,9000.0,28/07/2026,29/07/2026,01/01/1970,13823,9000.00,28/07/2026,Adm No Not Match
872,17454,11000375336242,lVl,captured,8400.0,28/07/2026,29/07/2026,01/01/1970,13824,8400.00,28/07/2026,Adm No Not Match
873,16989,11000375320298,lVl,captured,8700.0,28/07/2026,29/07/2026,01/01/1970,13822,8700.00,28/07/2026,Adm No Not Match
874,17643,11000375377607,PREKGUKG,captured,7250.0,28/07/2026,29/07/2026,01/01/1970,13826,7250.00,28/07/2026,Adm No Not Match
875,17453,11000375338199,PREKGUKG,captured,7250.0,28/07/2026,29/07/2026,01/01/1970,13825,7250.00,28/07/2026,Adm No Not Match
876,17237,11000375497424,lVl,captured,8400.0,29/07/2026,30/07/2026,01/01/1970,13831,8400.00,29/07/2026,Adm No Not Match
877,17250,11000375576230,lVl,captured,9000.0,29/07/2026,30/07/2026,01/01/1970,13839,9000.00,29/07/2026,Adm No Not Match
878,16567,11000371626441,lVl,captured,8700.0,09/07/2026,10/07/2026,01/01/1970,13203,8700.00,09/07/2026,Adm No Not Match
879,17001,11000371625455,lVl,captured,8400.0,09/07/2026,10/07/2026,01/01/1970,13204,8400.00,09/07/2026,Adm No Not Match
880,17362,11000371713804,lVl,captured,9000.0,09/07/2026,10/07/2026,01/01/1970,13207,9000.00,09/07/2026,Adm No Not Match
881,17654,11000371809305,PREKGUKG,captured,6500.0,09/07/2026,10/07/2026,01/01/1970,13243,6500.00,09/07/2026,Adm No Not Match
882,17277,11000372059838,lVl,captured,9000.0,11/07/2026,13/07/2026,01/01/1970,13281,9000.00,11/07/2026,Adm No Not Match
883,17477,11000372295469,PREKGUKG,captured,7250.0,12/07/2026,13/07/2026,01/01/1970,13296,7250.00,12/07/2026,Adm No Not Match
884,16552,11000372271363,lVl,captured,8700.0,12/07/2026,13/07/2026,01/01/1970,13293,8700.00,12/07/2026,Adm No Not Match
885,17219,11000372261199,lVl,captured,8400.0,12/07/2026,13/07/2026,01/01/1970,13292,8400.00,12/07/2026,Adm No Not Match
886,17417,11000372274677,PREKGUKG,captured,6500.0,12/07/2026,13/07/2026,01/01/1970,13294,6500.00,12/07/2026,Adm No Not Match
887,16475,11000372182083,lVl,captured,9000.0,11/07/2026,13/07/2026,01/01/1970,13291,9000.00,11/07/2026,Adm No Not Match
888,15823,11000372145896,lVl,captured,9000.0,11/07/2026,13/07/2026,01/01/1970,13289,9000.00,11/07/2026,Adm No Not Match
889,16721,11000372146568,lVl,captured,8400.0,11/07/2026,13/07/2026,01/01/1970,13288,8400.00,11/07/2026,Adm No Not Match
890,17459,11000372131404,lVl,captured,8400.0,11/07/2026,13/07/2026,01/01/1970,13287,8400.00,11/07/2026,Adm No Not Match
891,17476,11000372295995,lVl,captured,9000.0,12/07/2026,13/07/2026,01/01/1970,13297,9000.00,12/07/2026,Adm No Not Match
892,15541,11000372114900,lVl,captured,9000.0,11/07/2026,13/07/2026,01/01/1970,13285,9000.00,11/07/2026,Adm No Not Match
893,16209,11000372067768,lVl,captured,9000.0,11/07/2026,13/07/2026,01/01/1970,13283,9000.00,11/07/2026,Adm No Not Match
894,17375,11000371993652,PREKGUKG,captured,7250.0,10/07/2026,13/07/2026,01/01/1970,13279,7250.00,10/07/2026,Adm No Not Match
895,17191,11000371968280,PREKGUKG,captured,7250.0,10/07/2026,13/07/2026,01/01/1970,13276,7250.00,10/07/2026,Adm No Not Match
896,17190,11000371966595,lVl,captured,8400.0,10/07/2026,13/07/2026,01/01/1970,13275,8400.00,10/07/2026,Adm No Not Match
897,16981,11000371975854,lVl,captured,8400.0,10/07/2026,13/07/2026,01/01/1970,13277,8400.00,10/07/2026,Adm No Not Match
898,16983,11000371977290,lVl,captured,9000.0,10/07/2026,13/07/2026,01/01/1970,13278,9000.00,10/07/2026,Adm No Not Match
899,15915,11000372274949,lVl,captured,9000.0,12/07/2026,13/07/2026,01/01/1970,13295,9000.00,12/07/2026,Adm No Not Match
900,17645,11000372367339,lVl,captured,9000.0,13/07/2026,14/07/2026,01/01/1970,13299,9000.00,13/07/2026,Adm No Not Match
901,16211,11000372485711,lVl,captured,9000.0,13/07/2026,14/07/2026,01/01/1970,13320,9000.00,13/07/2026,Adm No Not Match
902,17678,11000372542814,lVl,captured,8400.0,13/07/2026,14/07/2026,01/01/1970,13337,8400.00,13/07/2026,Adm No Not Match
903,15549,11000372534162,lVl,captured,9000.0,13/07/2026,14/07/2026,01/01/1970,13336,9000.00,13/07/2026,Adm No Not Match
904,17413,11000372439451,PREKGUKG,captured,7250.0,13/07/2026,14/07/2026,01/01/1970,13301,7250.00,13/07/2026,Adm No Not Match
905,17474,11000372597439,lVl,captured,9000.0,14/07/2026,15/07/2026,01/01/1970,13341,9000.00,14/07/2026,Adm No Not Match
906,16600,11000372581514,lVl,captured,8700.0,14/07/2026,15/07/2026,01/01/1970,13338,8700.00,14/07/2026,Adm No Not Match
907,16754,11000372593846,lVl,captured,8700.0,14/07/2026,15/07/2026,01/01/1970,13340,8700.00,14/07/2026,Adm No Not Match
908,17635,11000372602280,lVl,captured,9300.0,14/07/2026,15/07/2026,01/01/1970,13342,9300.00,14/07/2026,Adm No Not Match
909,15946,11000372621189,lVl,captured,600.0,14/07/2026,15/07/2026,01/01/1970,13343,600.00,14/07/2026,Adm No Not Match
910,16946,11000372732102,lVl,captured,8700.0,14/07/2026,15/07/2026,01/01/1970,13416,8700.00,14/07/2026,Adm No Not Match
911,16184,11000372774187,lVl,captured,9000.0,14/07/2026,15/07/2026,01/01/1970,13420,9000.00,14/07/2026,Adm No Not Match
912,16636,11000372711014,lVl,captured,8700.0,14/07/2026,15/07/2026,01/01/1970,13382,8700.00,14/07/2026,Adm No Not Match
913,16308,11000372709836,lVl,captured,8700.0,14/07/2026,15/07/2026,01/01/1970,13376,8700.00,14/07/2026,Adm No Not Match
914,17139,11000372787749,lVl,captured,9000.0,14/07/2026,15/07/2026,01/01/1970,13421,9000.00,14/07/2026,Adm No Not Match
915,17305,11000372748134,PREKGUKG,captured,7250.0,14/07/2026,15/07/2026,01/01/1970,13419,7250.00,14/07/2026,Adm No Not Match
916,17260,11000372739801,lVl,captured,9000.0,14/07/2026,15/07/2026,01/01/1970,13418,9000.00,14/07/2026,Adm No Not Match
917,17138,11000372788739,lVl,captured,8700.0,14/07/2026,15/07/2026,01/01/1970,13422,8700.00,14/07/2026,Adm No Not Match
918,17051,11000372832257,lVl,captured,9000.0,15/07/2026,16/07/2026,01/01/1970,13430,9000.00,15/07/2026,Adm No Not Match
919,17595,11000372806721,lVl,captured,9000.0,15/07/2026,16/07/2026,01/01/1970,13425,9000.00,15/07/2026,Adm No Not Match
920,16783,11000372811793,lVl,captured,9000.0,15/07/2026,16/07/2026,01/01/1970,13428,9000.00,15/07/2026,Adm No Not Match
921,17577,11000372928457,lVl,captured,9000.0,15/07/2026,16/07/2026,01/01/1970,13436,9000.00,15/07/2026,Adm No Not Match
922,15866,11000372954049,lVl,captured,9000.0,15/07/2026,16/07/2026,01/01/1970,13438,9000.00,15/07/2026,Adm No Not Match
923,17315,11000372961520,lVl,captured,8400.0,15/07/2026,16/07/2026,01/01/1970,13455,8400.00,15/07/2026,Adm No Not Match
924,17597,11000372961777,PREKGUKG,captured,7250.0,15/07/2026,16/07/2026,01/01/1970,13456,7250.00,15/07/2026,Adm No Not Match
925,16934,11000372831197,lVl,captured,8400.0,15/07/2026,16/07/2026,01/01/1970,13429,8400.00,15/07/2026,Adm No Not Match
926,17576,11000372929322,lVl,captured,8700.0,15/07/2026,16/07/2026,01/01/1970,13435,8700.00,15/07/2026,Adm No Not Match
927,17661,11000372996670,PREKGUKG,captured,7250.0,15/07/2026,16/07/2026,01/01/1970,13461,7250.00,15/07/2026,Adm No Not Match
928,17523,11000373011586,lVl,captured,18600.0,15/07/2026,16/07/2026,01/01/1970,13462,18600.00,15/07/2026,Adm No Not Match
929,15960,11000373132456,lVl,captured,9000.0,16/07/2026,17/07/2026,01/01/1970,13464,9000.00,16/07/2026,Adm No Not Match
930,17573,11000373097760,lVl,captured,8700.0,16/07/2026,17/07/2026,01/01/1970,13463,8700.00,16/07/2026,Adm No Not Match
931,17617,11000373198795,lVl,captured,8400.0,16/07/2026,17/07/2026,01/01/1970,13468,8400.00,16/07/2026,Adm No Not Match
932,17565,11000373148327,PREKGUKG,captured,7250.0,16/07/2026,17/07/2026,01/01/1970,13467,7250.00,16/07/2026,Adm No Not Match
933,17043,11000373141841,lVl,captured,9000.0,16/07/2026,17/07/2026,01/01/1970,13466,9000.00,16/07/2026,Adm No Not Match
934,17633,11000373484907,PREKGUKG,captured,7250.0,17/07/2026,18/07/2026,01/01/1970,13522,7250.00,17/07/2026,Adm No Not Match
935,17163,11000373792011,PREKGUKG,captured,7250.0,18/07/2026,20/07/2026,01/01/1970,13661,7250.00,18/07/2026,Adm No Not Match
936,17632,11000373603062,PREKGUKG,captured,6500.0,18/07/2026,20/07/2026,01/01/1970,13524,6500.00,18/07/2026,Adm No Not Match
937,17464,11000374170898,PREKGUKG,captured,7250.0,20/07/2026,21/07/2026,01/01/1970,13682,7250.00,20/07/2026,Adm No Not Match
938,17568,11000373932413,lVl,captured,8400.0,20/07/2026,21/07/2026,01/01/1970,13664,8400.00,20/07/2026,Adm No Not Match
939,17401,11000374269061,PREKGUKG,captured,7250.0,21/07/2026,22/07/2026,01/01/1970,13684,7250.00,21/07/2026,Adm No Not Match
940,16831,11000374272652,lVl,captured,8400.0,21/07/2026,22/07/2026,01/01/1970,13687,8400.00,21/07/2026,Adm No Not Match
941,16966,11000374330041,PREKGUKG,captured,6750.0,21/07/2026,22/07/2026,01/01/1970,13691,6750.00,21/07/2026,Adm No Not Match
942,17562,11000374323565,PREKGUKG,captured,7250.0,21/07/2026,22/07/2026,01/01/1970,13690,7250.00,21/07/2026,Adm No Not Match
943,17424,11000374271394,PREKGUKG,captured,6500.0,21/07/2026,22/07/2026,01/01/1970,13686,6500.00,21/07/2026,Adm No Not Match
944,17423,11000374270731,PREKGUKG,captured,7250.0,21/07/2026,22/07/2026,01/01/1970,13685,7250.00,21/07/2026,Adm No Not Match
945,17590,11000374273904,PREKGUKG,captured,7250.0,21/07/2026,22/07/2026,01/01/1970,13688,7250.00,21/07/2026,Adm No Not Match
946,17201,11000374344315,lVl,captured,8400.0,21/07/2026,22/07/2026,01/01/1970,13703,8400.00,21/07/2026,Adm No Not Match
947,16548,11000374445892,lVl,captured,9000.0,22/07/2026,23/07/2026,01/01/1970,13718,9000.00,22/07/2026,Adm No Not Match
948,17676,11000374447782,PREKGUKG,captured,7250.0,22/07/2026,23/07/2026,01/01/1970,13719,7250.00,22/07/2026,Adm No Not Match
949,17658,11000374445012,PREKGUKG,captured,7250.0,22/07/2026,23/07/2026,01/01/1970,13717,7250.00,22/07/2026,Adm No Not Match
950,17201,11000374470710,lVl,captured,8400.0,22/07/2026,23/07/2026,01/01/1970,13721,8400.00,22/07/2026,Adm No Not Match
951,17698,11000374521392,lVl,captured,8400.0,22/07/2026,23/07/2026,01/01/1970,13724,8400.00,22/07/2026,Adm No Not Match
952,17400,11000374543686,PREKGUKG,captured,7250.0,22/07/2026,23/07/2026,01/01/1970,13726,7250.00,22/07/2026,Adm No Not Match
953,15824,11000374425570,lVl,captured,9000.0,22/07/2026,23/07/2026,01/01/1970,13713,9000.00,22/07/2026,Adm No Not Match
954,16974,11000374532416,lVl,captured,8700.0,22/07/2026,23/07/2026,01/01/1970,13725,8700.00,22/07/2026,Adm No Not Match
955,15824,11000374425269,lVl,captured,600.0,22/07/2026,23/07/2026,01/01/1970,13714,600.00,22/07/2026,Adm No Not Match
956,17634,11000374449988,lVl,captured,8400.0,22/07/2026,23/07/2026,01/01/1970,13720,8400.00,22/07/2026,Adm No Not Match
957,17470,11000374410889,PREKGUKG,captured,7250.0,22/07/2026,23/07/2026,01/01/1970,13712,7250.00,22/07/2026,Adm No Not Match
958,17541,11000374682440,lVl,captured,9000.0,23/07/2026,24/07/2026,01/01/1970,13760,9000.00,23/07/2026,Adm No Not Match
959,16411,11000374627604,lVl,captured,600.0,23/07/2026,24/07/2026,01/01/1970,13745,600.00,23/07/2026,Adm No Not Match
960,17212,11000374617910,lVl,captured,8400.0,23/07/2026,24/07/2026,01/01/1970,13744,8400.00,23/07/2026,Adm No Not Match
961,17439,11000374614945,PREKGUKG,captured,6500.0,23/07/2026,24/07/2026,01/01/1970,13742,6500.00,23/07/2026,Adm No Not Match
962,15236,11000374604770,lVl,captured,8350.0,23/07/2026,24/07/2026,01/01/1970,13739,8350.00,23/07/2026,Adm No Not Match
963,16246,11000374605355,lVl,captured,8050.0,23/07/2026,24/07/2026,01/01/1970,13738,8050.00,23/07/2026,Adm No Not Match
964,16411,11000374576298,lVl,captured,17400.0,23/07/2026,24/07/2026,01/01/1970,13727,17400.00,23/07/2026,Adm No Not Match
965,16120,11000374658732,lVl,captured,8350.0,23/07/2026,24/07/2026,01/01/1970,13746,8350.00,23/07/2026,Adm No Not Match
966,16351,11000374910056,lVl,captured,8700.0,25/07/2026,27/07/2026,01/01/1970,13812,8700.00,25/07/2026,Adm No Not Match
967,16673,11000375016744,lVl,captured,8400.0,26/07/2026,27/07/2026,01/01/1970,13818,8400.00,26/07/2026,Adm No Not Match
968,16404,11000374938004,lVl,captured,8050.0,25/07/2026,27/07/2026,01/01/1970,13815,8050.00,25/07/2026,Adm No Not Match
969,17247,11000374898465,lVl,captured,8400.0,25/07/2026,27/07/2026,01/01/1970,13811,8400.00,25/07/2026,Adm No Not Match
970,17524,11000374952523,lVl,captured,8700.0,25/07/2026,27/07/2026,01/01/1970,13817,8700.00,25/07/2026,Adm No Not Match
971,17609,11000374944254,PREKGUKG,captured,6500.0,25/07/2026,27/07/2026,01/01/1970,13816,6500.00,25/07/2026,Adm No Not Match
972,16220,11000375323139,lVl,captured,9000.0,28/07/2026,29/07/2026,01/01/1970,13823,9000.00,28/07/2026,Adm No Not Match
973,17454,11000375336242,lVl,captured,8400.0,28/07/2026,29/07/2026,01/01/1970,13824,8400.00,28/07/2026,Adm No Not Match
974,16989,11000375320298,lVl,captured,8700.0,28/07/2026,29/07/2026,01/01/1970,13822,8700.00,28/07/2026,Adm No Not Match
975,17643,11000375377607,PREKGUKG,captured,7250.0,28/07/2026,29/07/2026,01/01/1970,13826,7250.00,28/07/2026,Adm No Not Match
976,17453,11000375338199,PREKGUKG,captured,7250.0,28/07/2026,29/07/2026,01/01/1970,13825,7250.00,28/07/2026,Adm No Not Match
977,17237,11000375497424,lVl,captured,8400.0,29/07/2026,30/07/2026,01/01/1970,13831,8400.00,29/07/2026,Adm No Not Match
978,17250,11000375576230,lVl,captured,9000.0,29/07/2026,30/07/2026,01/01/1970,13839,9000.00,29/07/2026,Adm No Not Match
979,17526,11000376155889,PREKGUKG,captured,7250.0,02/08/2026,03/08/2026,01/01/1970,13876,7250.00,02/08/2026,Adm No Not Match
980,17513,11000375966814,lVl,captured,8400.0,01/08/2026,03/08/2026,01/01/1970,13842,8400.00,01/08/2026,Adm No Not Match
981,17490,11000376251107,PREKGUKG,captured,7250.0,02/08/2026,03/08/2026,01/01/1970,13877,7250.00,02/08/2026,Adm No Not Match
982,17426,11000376461485,PREKGUKG,captured,14500.0,03/08/2026,04/08/2026,01/01/1970,13881,14500.00,03/08/2026,Adm No Not Match
983,17695,11000376388500,PREKGUKG,captured,7250.0,03/08/2026,04/08/2026,01/01/1970,13880,7250.00,03/08/2026,Adm No Not Match
984,16673,11000376387349,lVl,captured,9000.0,03/08/2026,04/08/2026,01/01/1970,13879,9000.00,03/08/2026,Adm No Not Match
985,17645,11000376378749,lVl,captured,9600.0,03/08/2026,04/08/2026,01/01/1970,13878,9600.00,03/08/2026,Adm No Not Match
